instrument,var1,var2,spearman
ES,R_1,R_1,1.0
ES,R_1,U_1,0.6848246884626216
ES,R_1,D_1,-0.5884153909283285
ES,R_1,Q_1,0.7904000133819462
ES,R_1,E_1,0.9500464314787758
ES,R_1,R_3,0.5217628330934093
ES,R_1,U_3,0.638978083812719
ES,R_1,D_3,-0.5595119224499796
ES,R_1,Q_3,0.7507020932309139
ES,R_1,E_3,0.5463908650968485
ES,R_1,R_5,0.4204823159242794
ES,R_1,U_5,0.591932561240396
ES,R_1,D_5,-0.47007517151001044
ES,R_1,Q_5,0.6706082990958053
ES,R_1,E_5,0.4619955938215288
ES,R_1,R_10,0.3113525950979736
ES,R_1,U_10,0.520040044761671
ES,R_1,D_10,-0.37337988608799305
ES,R_1,Q_10,0.5578312864221698
ES,R_1,E_10,0.3637734054966402
ES,R_1,R_15,0.2851119570736732
ES,R_1,U_15,0.4812382213290883
ES,R_1,D_15,-0.32670864013117357
ES,R_1,Q_15,0.5054072465794786
ES,R_1,E_15,0.3246225906933431
ES,R_1,R_30,0.2271793922878728
ES,R_1,U_30,0.41772758207975835
ES,R_1,D_30,-0.25689454346546464
ES,R_1,Q_30,0.42523688677252125
ES,R_1,E_30,0.2708795597217658
ES,R_1,R_60,0.1643053125031911
ES,R_1,U_60,0.3478206312552475
ES,R_1,D_60,-0.18266788466153375
ES,R_1,Q_60,0.34292934560767374
ES,R_1,E_60,0.21101537779104104
ES,U_1,U_1,0.9999999999999999
ES,U_1,D_1,-0.2641817615770727
ES,U_1,Q_1,0.7771956143139023
ES,U_1,E_1,0.6735141516051317
ES,U_1,R_3,0.3510180119934248
ES,U_1,U_3,0.8120091010620561
ES,U_1,D_3,-0.1750204634739082
ES,U_1,Q_3,0.6273932252262024
ES,U_1,E_3,0.4174822690073843
ES,U_1,R_5,0.24763199269740596
ES,U_1,U_5,0.7458073819436745
ES,U_1,D_5,-0.08969872015081905
ES,U_1,Q_5,0.5395523423147042
ES,U_1,E_5,0.3215310939862084
ES,U_1,R_10,0.16967218729985623
ES,U_1,U_10,0.6533029204397789
ES,U_1,D_10,-0.006247713827878708
ES,U_1,Q_10,0.42092848222797574
ES,U_1,E_10,0.23280500703626844
ES,U_1,R_15,0.1651863778577547
ES,U_1,U_15,0.6149298464522165
ES,U_1,D_15,0.029969955140624744
ES,U_1,Q_15,0.3698711780306807
ES,U_1,E_15,0.2012864745511549
ES,U_1,R_30,0.14241995767939825
ES,U_1,U_30,0.5545182920955769
ES,U_1,D_30,0.08186144817710969
ES,U_1,Q_30,0.30131824281858327
ES,U_1,E_30,0.1784775315822443
ES,U_1,R_60,0.09699598740345346
ES,U_1,U_60,0.505386925651586
ES,U_1,D_60,0.13002721640848744
ES,U_1,Q_60,0.24008486824862965
ES,U_1,E_60,0.1256893129942002
ES,D_1,D_1,1.0
ES,D_1,Q_1,-0.7877977084572977
ES,D_1,E_1,-0.6325893118766007
ES,D_1,R_3,-0.32068252671144976
ES,D_1,U_3,-0.172251385286217
ES,D_1,D_3,0.7919259537401655
ES,D_1,Q_3,-0.605713213756581
ES,D_1,E_3,-0.38755788229116883
ES,D_1,R_5,-0.2816253735286285
ES,D_1,U_5,-0.12730026770229888
ES,D_1,D_5,0.6956091714224845
ES,D_1,Q_5,-0.5204059359417509
ES,D_1,E_5,-0.32823362082033775
ES,D_1,R_10,-0.2144638981446807
ES,D_1,U_10,-0.07550006081424002
ES,D_1,D_10,0.5865357595702569
ES,D_1,Q_10,-0.421449776535123
ES,D_1,E_10,-0.28041289004811387
ES,D_1,R_15,-0.20347498553162707
ES,D_1,U_15,-0.047485328177996104
ES,D_1,D_15,0.5539932730892918
ES,D_1,Q_15,-0.39200118193025557
ES,D_1,E_15,-0.26292281717616695
ES,D_1,R_30,-0.15688082716771287
ES,D_1,U_30,-0.002838810088814842
ES,D_1,D_30,0.4858256820157519
ES,D_1,Q_30,-0.3255978528419122
ES,D_1,E_30,-0.21120587179603487
ES,D_1,R_60,-0.106626340272611
ES,D_1,U_60,0.043376846142280455
ES,D_1,D_60,0.4158733440490148
ES,D_1,Q_60,-0.2574257929567345
ES,D_1,E_60,-0.16751505133108704
ES,Q_1,Q_1,1.0
ES,Q_1,E_1,0.833140618658918
ES,Q_1,R_3,0.4235863024483566
ES,Q_1,U_3,0.6104336394478642
ES,Q_1,D_3,-0.6026840120261596
ES,Q_1,Q_3,0.7896670504691149
ES,Q_1,E_3,0.519973356150895
ES,Q_1,R_5,0.3337668235587111
ES,Q_1,U_5,0.5425733537067046
ES,Q_1,D_5,-0.49083753937489477
ES,Q_1,Q_5,0.6797300271656501
ES,Q_1,E_5,0.4201255957327676
ES,Q_1,R_10,0.24498723552060941
ES,Q_1,U_10,0.45230972454516444
ES,Q_1,D_10,-0.3735341583876139
ES,Q_1,Q_10,0.5416823891746668
ES,Q_1,E_10,0.33382428703555345
ES,Q_1,R_15,0.23691766194925312
ES,Q_1,U_15,0.41151083503510044
ES,Q_1,D_15,-0.3339357811842613
ES,Q_1,Q_15,0.4917462876683578
ES,Q_1,E_15,0.3027420827682751
ES,Q_1,R_30,0.1941140410104721
ES,Q_1,U_30,0.3480024221767789
ES,Q_1,D_30,-0.25958194619378155
ES,Q_1,Q_30,0.4058480531226125
ES,Q_1,E_30,0.2536517588461961
ES,Q_1,R_60,0.13514235942744954
ES,Q_1,U_60,0.2872231821275818
ES,Q_1,D_60,-0.18681576974441635
ES,Q_1,Q_60,0.32262986426032864
ES,Q_1,E_60,0.1920207075427079
ES,E_1,E_1,1.0
ES,E_1,R_3,0.506169931717632
ES,E_1,U_3,0.6257292954394301
ES,E_1,D_3,-0.5930270889903042
ES,E_1,Q_3,0.784766920236245
ES,E_1,E_3,0.5682628175571006
ES,E_1,R_5,0.410370303229356
ES,E_1,U_5,0.577327602960458
ES,E_1,D_5,-0.49907846707647197
ES,E_1,Q_5,0.6997784694915987
ES,E_1,E_5,0.48071679328967926
ES,E_1,R_10,0.30262036956535704
ES,E_1,U_10,0.4979829185788663
ES,E_1,D_10,-0.3992304816081561
ES,E_1,Q_10,0.5793595538045675
ES,E_1,E_10,0.37465566020680724
ES,E_1,R_15,0.2793994811361264
ES,E_1,U_15,0.45817668047046356
ES,E_1,D_15,-0.3534772437700521
ES,E_1,Q_15,0.5265555822721704
ES,E_1,E_15,0.33820638569692585
ES,E_1,R_30,0.223305183912367
ES,E_1,U_30,0.39388553953270844
ES,E_1,D_30,-0.2812529906214369
ES,E_1,Q_30,0.44374188772544215
ES,E_1,E_30,0.2852355320804886
ES,E_1,R_60,0.15611615962363487
ES,E_1,U_60,0.32891014463257084
ES,E_1,D_60,-0.20043063913716475
ES,E_1,Q_60,0.3571446248716936
ES,E_1,E_60,0.21930627324334473
ES,R_3,R_3,1.0
ES,R_3,U_3,0.6556407365075428
ES,R_3,D_3,-0.6189154598616624
ES,R_3,Q_3,0.7978133089786541
ES,R_3,E_3,0.9433461847484426
ES,R_3,R_5,0.7613609583342374
ES,R_3,U_5,0.6881914974250636
ES,R_3,D_5,-0.645392430840958
ES,R_3,Q_5,0.8380329654873875
ES,R_3,E_5,0.7442467486744966
ES,R_3,R_10,0.5820212977635366
ES,R_3,U_10,0.6502735747560398
ES,R_3,D_10,-0.5761842169870869
ES,R_3,Q_10,0.7641988638552416
ES,R_3,E_10,0.6038768916642563
ES,R_3,R_15,0.5168138079220466
ES,R_3,U_15,0.6250024656308324
ES,R_3,D_15,-0.5378296795045134
ES,R_3,Q_15,0.7267530539540962
ES,R_3,E_15,0.5527486148936287
ES,R_3,R_30,0.41491980388231153
ES,R_3,U_30,0.5591015098996314
ES,R_3,D_30,-0.46571820389823454
ES,R_3,Q_30,0.639347986753009
ES,R_3,E_30,0.44530870429637476
ES,R_3,R_60,0.2943202773135727
ES,R_3,U_60,0.4677529638380349
ES,R_3,D_60,-0.3709255122523929
ES,R_3,Q_60,0.5294209370072269
ES,R_3,E_60,0.35271050474530674
ES,U_3,U_3,1.0
ES,U_3,D_3,-0.23191662782074904
ES,U_3,Q_3,0.7738827213026993
ES,U_3,E_3,0.6810059299614445
ES,U_3,R_5,0.4762586995588989
ES,U_3,U_5,0.9411725068260449
ES,U_3,D_5,-0.19205693904798096
ES,U_3,Q_5,0.7205621297204131
ES,U_3,E_5,0.5362642990830068
ES,U_3,R_10,0.3557610396623777
ES,U_3,U_10,0.8454476391656309
ES,U_3,D_10,-0.12724587422231096
ES,U_3,Q_10,0.6116804976717305
ES,U_3,E_10,0.40912548269321103
ES,U_3,R_15,0.3201323065397295
ES,U_3,U_15,0.7985296197503108
ES,U_3,D_15,-0.08382060381511355
ES,U_3,Q_15,0.5527603299122947
ES,U_3,E_15,0.36041020406639207
ES,U_3,R_30,0.2666296976957549
ES,U_3,U_30,0.7224879497581693
ES,U_3,D_30,-0.02757084082941061
ES,U_3,Q_30,0.47197373637213574
ES,U_3,E_30,0.30781771156207094
ES,U_3,R_60,0.18399182460600047
ES,U_3,U_60,0.646493448704339
ES,U_3,D_60,0.03924534268733111
ES,U_3,Q_60,0.3839881712399019
ES,U_3,E_60,0.22461155072927538
ES,D_3,D_3,1.0
ES,D_3,Q_3,-0.7672644957187887
ES,D_3,E_3,-0.6501626363254392
ES,D_3,R_5,-0.5115047516354538
ES,D_3,U_5,-0.2256321089522435
ES,D_3,D_5,0.9112940734506465
ES,D_3,Q_5,-0.7116559986657728
ES,D_3,E_5,-0.5404253141424382
ES,D_3,R_10,-0.40503243103209985
ES,D_3,U_10,-0.2024133291328307
ES,D_3,D_10,0.7825983734955245
ES,D_3,Q_10,-0.6190101769823922
ES,D_3,E_10,-0.46735269645003913
ES,D_3,R_15,-0.36942511572129155
ES,D_3,U_15,-0.1791537203685997
ES,D_3,D_15,0.7345116902838184
ES,D_3,Q_15,-0.5846119011054005
ES,D_3,E_15,-0.4377498365560671
ES,D_3,R_30,-0.27854858506232055
ES,D_3,U_30,-0.13072445524381246
ES,D_3,D_30,0.6480304564661693
ES,D_3,Q_30,-0.5036636740355958
ES,D_3,E_30,-0.34594053900843297
ES,D_3,R_60,-0.2078664123947562
ES,D_3,U_60,-0.06548289481909349
ES,D_3,D_60,0.5568192736614999
ES,D_3,Q_60,-0.41189650205488304
ES,D_3,E_60,-0.2859172339524126
ES,Q_3,Q_3,1.0
ES,Q_3,E_3,0.8592773963910076
ES,Q_3,R_5,0.6164730239161448
ES,Q_3,U_5,0.733131121943758
ES,Q_3,D_5,-0.686620601538433
ES,Q_3,Q_5,0.9260421226053648
ES,Q_3,E_5,0.6914224354770161
ES,Q_3,R_10,0.4769408417500917
ES,Q_3,U_10,0.6572531490511887
ES,Q_3,D_10,-0.5679440794004476
ES,Q_3,Q_10,0.792759074167175
ES,Q_3,E_10,0.5657198737051308
ES,Q_3,R_15,0.43827525171321857
ES,Q_3,U_15,0.6144522783865883
ES,Q_3,D_15,-0.5143901802405201
ES,Q_3,Q_15,0.7341462926508362
ES,Q_3,E_15,0.5176396166489929
ES,Q_3,R_30,0.3462271350727241
ES,Q_3,U_30,0.5380425350502323
ES,Q_3,D_30,-0.42438751577285
ES,Q_3,Q_30,0.6289357629402644
ES,Q_3,E_30,0.4223724584191231
ES,Q_3,R_60,0.2493559818917376
ES,Q_3,U_60,0.44811816312515185
ES,Q_3,D_60,-0.32690801449205176
ES,Q_3,Q_60,0.5136820130303811
ES,Q_3,E_60,0.32895746206212634
ES,E_3,E_3,0.9999999999999999
ES,E_3,R_5,0.7346056631600932
ES,E_3,U_5,0.7124393267068618
ES,E_3,D_5,-0.6688569788340557
ES,E_3,Q_5,0.894137739836836
ES,E_3,E_5,0.780729886294113
ES,E_3,R_10,0.5724099292855861
ES,E_3,U_10,0.6654348850533746
ES,E_3,D_10,-0.5996909785410468
ES,E_3,Q_10,0.8133095728300639
ES,E_3,E_10,0.6364505159088477
ES,E_3,R_15,0.5162766215180933
ES,E_3,U_15,0.638117949891536
ES,E_3,D_15,-0.5592913971801603
ES,E_3,Q_15,0.7724921443174546
ES,E_3,E_15,0.5868259552943751
ES,E_3,R_30,0.40458704293390474
ES,E_3,U_30,0.5695314596122304
ES,E_3,D_30,-0.47580980391461314
ES,E_3,Q_30,0.6745783733802261
ES,E_3,E_30,0.4656327651530503
ES,E_3,R_60,0.29279158374922426
ES,E_3,U_60,0.4798470911966092
ES,E_3,D_60,-0.3794548932951005
ES,E_3,Q_60,0.5624863259246048
ES,E_3,E_60,0.3728756069769942
ES,R_5,R_5,1.0
ES,R_5,U_5,0.6026378749454329
ES,R_5,D_5,-0.6740984609425901
ES,R_5,Q_5,0.7997393080030072
ES,R_5,E_5,0.944034406580583
ES,R_5,R_10,0.714154653015612
ES,R_5,U_10,0.6459356851415458
ES,R_5,D_10,-0.6768046799578986
ES,R_5,Q_10,0.8246793908531962
ES,R_5,E_10,0.7022773308650064
ES,R_5,R_15,0.6010419666754313
ES,R_5,U_15,0.6217314410671354
ES,R_5,D_15,-0.641914057022232
ES,R_5,Q_15,0.7901612643729543
ES,R_5,E_15,0.6194936435868738
ES,R_5,R_30,0.4595885659510957
ES,R_5,U_30,0.5607831370762912
ES,R_5,D_30,-0.5545512143193129
ES,R_5,Q_30,0.6951533920924837
ES,R_5,E_30,0.5025064316579768
ES,R_5,R_60,0.3572549076582285
ES,R_5,U_60,0.4771049816963275
ES,R_5,D_60,-0.4604827132756517
ES,R_5,Q_60,0.5897460455802476
ES,R_5,E_60,0.4132827982103386
ES,U_5,U_5,1.0
ES,U_5,D_5,-0.21938487033716716
ES,U_5,Q_5,0.7731352058833303
ES,U_5,E_5,0.6502549030546478
ES,U_5,R_10,0.43484143758031923
ES,U_5,U_10,0.91003344165244
ES,U_5,D_10,-0.17495773430345576
ES,U_5,Q_10,0.6815077566942049
ES,U_5,E_10,0.479984633575555
ES,U_5,R_15,0.3825104376143142
ES,U_5,U_15,0.8628550005677859
ES,U_5,D_15,-0.13351385592592824
ES,U_5,Q_15,0.623538890596937
ES,U_5,E_15,0.42362380167557656
ES,U_5,R_30,0.3089138980058582
ES,U_5,U_30,0.7815226850833016
ES,U_5,D_30,-0.06821135204568757
ES,U_5,Q_30,0.5330709150827179
ES,U_5,E_30,0.35597963881400474
ES,U_5,R_60,0.22953465012265425
ES,U_5,U_60,0.6991823615807757
ES,U_5,D_60,-0.0016932424175555474
ES,U_5,Q_60,0.44343849204132996
ES,U_5,E_60,0.2728107260209471
ES,D_5,D_5,1.0
ES,D_5,Q_5,-0.75960469232712
ES,D_5,E_5,-0.6766770267452418
ES,D_5,R_10,-0.5013214253937487
ES,D_5,U_10,-0.22709198696413258
ES,D_5,D_10,0.8847097047732151
ES,D_5,Q_10,-0.6955804711746874
ES,D_5,E_10,-0.5528399683768951
ES,D_5,R_15,-0.44153593592570345
ES,D_5,U_15,-0.20754346420958855
ES,D_5,D_15,0.8361218041740377
ES,D_5,Q_15,-0.6639803197683669
ES,D_5,E_15,-0.5121968145742722
ES,D_5,R_30,-0.33897474886389606
ES,D_5,U_30,-0.16213233934234786
ES,D_5,D_30,0.7389424510140935
ES,D_5,Q_30,-0.5778623016566473
ES,D_5,E_30,-0.41093381507453375
ES,D_5,R_60,-0.2495684461398081
ES,D_5,U_60,-0.09646975879026568
ES,D_5,D_60,0.6374363361768144
ES,D_5,Q_60,-0.48079660598521645
ES,D_5,E_60,-0.336490072382534
ES,Q_5,Q_5,1.0
ES,Q_5,E_5,0.8571120935154779
ES,Q_5,R_10,0.5846687742193307
ES,Q_5,U_10,0.7183300464174458
ES,Q_5,D_10,-0.6592778056193083
ES,Q_5,Q_10,0.8916620484008679
ES,Q_5,E_10,0.6641426633369522
ES,Q_5,R_15,0.5216954904497313
ES,Q_5,U_15,0.6771452410949361
ES,Q_5,D_15,-0.6057044004631807
ES,Q_5,Q_15,0.833841088767235
ES,Q_5,E_15,0.607325426224141
ES,Q_5,R_30,0.4095433950121972
ES,Q_5,U_30,0.5995295983211248
ES,Q_5,D_30,-0.5032046490948345
ES,Q_5,Q_30,0.7181733248648975
ES,Q_5,E_30,0.4949516183965174
ES,Q_5,R_60,0.30453483585789787
ES,Q_5,U_60,0.5067283672115646
ES,Q_5,D_60,-0.39875368708311565
ES,Q_5,Q_60,0.5985681747044318
ES,Q_5,E_60,0.39437425558753625
ES,E_5,E_5,0.9999999999999999
ES,E_5,R_10,0.6970486226552655
ES,E_5,U_10,0.693237341339645
ES,E_5,D_10,-0.6809768215208939
ES,E_5,Q_10,0.8794124115939609
ES,E_5,E_10,0.7373615297983851
ES,E_5,R_15,0.6018009318706915
ES,E_5,U_15,0.6650286609807577
ES,E_5,D_15,-0.6484732037777121
ES,E_5,Q_15,0.8437277396233138
ES,E_5,E_15,0.6589690994521697
ES,E_5,R_30,0.4571132843735182
ES,E_5,U_30,0.6010295263712533
ES,E_5,D_30,-0.5525611019877061
ES,E_5,Q_30,0.7416110303498723
ES,E_5,E_30,0.5315985506747265
ES,E_5,R_60,0.3528800463442727
ES,E_5,U_60,0.5140562802405817
ES,E_5,D_60,-0.45216498292854385
ES,E_5,Q_60,0.6296152997577347
ES,E_5,E_60,0.4350436203419202
ES,R_10,R_10,0.9999999999999999
ES,R_10,U_10,0.6152660587131037
ES,R_10,D_10,-0.6921713842591304
ES,R_10,Q_10,0.813351162974976
ES,R_10,E_10,0.9468032114187582
ES,R_10,R_15,0.7945431042557272
ES,R_10,U_15,0.6426871192476433
ES,R_10,D_15,-0.7086085913787936
ES,R_10,Q_15,0.8445631562782039
ES,R_10,E_15,0.769322701218108
ES,R_10,R_30,0.5687525835737741
ES,R_10,U_30,0.6068283102302663
ES,R_10,D_30,-0.6385627278214768
ES,R_10,Q_30,0.7763863985564637
ES,R_10,E_30,0.5949418449163467
ES,R_10,R_60,0.44287736343701106
ES,R_10,U_60,0.5320958560531324
ES,R_10,D_60,-0.5512094348064275
ES,R_10,Q_60,0.6805479217726933
ES,R_10,E_60,0.48910458764531384
ES,U_10,U_10,1.0
ES,U_10,D_10,-0.2406667472182237
ES,U_10,Q_10,0.776129682083898
ES,U_10,E_10,0.6456094882803882
ES,U_10,R_15,0.5188458900095652
ES,U_10,U_15,0.9619124905423386
ES,U_10,D_15,-0.2162591165250051
ES,U_10,Q_15,0.7335745177074545
ES,U_10,E_15,0.5485621107882054
ES,U_10,R_30,0.40171653628194887
ES,U_10,U_30,0.8729578261577053
ES,U_10,D_30,-0.15734077769952243
ES,U_10,Q_30,0.6420906092586037
ES,U_10,E_30,0.4481077752518464
ES,U_10,R_60,0.3043674687848655
ES,U_10,U_60,0.7807836078415468
ES,U_10,D_60,-0.087603438537875
ES,U_10,Q_60,0.5458905260529173
ES,U_10,E_60,0.3513829313087683
ES,D_10,D_10,1.0
ES,D_10,Q_10,-0.7702116676044911
ES,D_10,E_10,-0.7150862329540496
ES,D_10,R_15,-0.5876217255060828
ES,D_10,U_15,-0.23846557745648617
ES,D_10,D_15,0.9593726033169452
ES,D_10,Q_15,-0.7574182160676156
ES,D_10,E_15,-0.6364728973471051
ES,D_10,R_30,-0.43680989767518674
ES,D_10,U_30,-0.2086902962755583
ES,D_10,D_30,0.8520925168008462
ES,D_10,Q_30,-0.6758183618957466
ES,D_10,E_30,-0.5029870748387328
ES,D_10,R_60,-0.319281134343309
ES,D_10,U_60,-0.14412534457872075
ES,D_10,D_60,0.7402156150180791
ES,D_10,Q_60,-0.5736047599365052
ES,D_10,E_60,-0.4100396719527674
ES,Q_10,Q_10,1.0
ES,Q_10,E_10,0.871976901210056
ES,Q_10,R_15,0.6925312985514154
ES,Q_10,U_15,0.7527029786357186
ES,Q_10,D_15,-0.7319895986692649
ES,Q_10,Q_15,0.964428212339473
ES,Q_10,E_15,0.7636762099464885
ES,Q_10,R_30,0.5245698735901692
ES,Q_10,U_30,0.6791518242998464
ES,Q_10,D_30,-0.6278611522949828
ES,Q_10,Q_30,0.8484635451295776
ES,Q_10,E_30,0.6103354063175551
ES,Q_10,R_60,0.3932737699769782
ES,Q_10,U_60,0.582443134825038
ES,Q_10,D_60,-0.5164695474487367
ES,Q_10,Q_60,0.7213095220300051
ES,Q_10,E_60,0.4906140040843771
ES,E_10,E_10,1.0
ES,E_10,R_15,0.7863943204100498
ES,E_10,U_15,0.6763086238824982
ES,E_10,D_15,-0.7328124938236068
ES,E_10,Q_15,0.9046134539142772
ES,E_10,E_15,0.8221127057459754
ES,E_10,R_30,0.572436958135257
ES,E_10,U_30,0.6379422801957878
ES,E_10,D_30,-0.6605415699143645
ES,E_10,Q_30,0.8342656270156518
ES,E_10,E_30,0.6356879869515658
ES,E_10,R_60,0.44052363415146883
ES,E_10,U_60,0.5571816181787037
ES,E_10,D_60,-0.5659502083774922
ES,E_10,Q_60,0.7312491716714402
ES,E_10,E_60,0.5197457347843661
ES,R_15,R_15,1.0
ES,R_15,U_15,0.614147282902677
ES,R_15,D_15,-0.6730187247826311
ES,R_15,Q_15,0.8047251454916562
ES,R_15,E_15,0.9465038005027587
ES,R_15,R_30,0.7205468647388156
ES,R_15,U_30,0.6516073856492282
ES,R_15,D_30,-0.690121018327992
ES,R_15,Q_30,0.8406053315407971
ES,R_15,E_30,0.7219637135214386
ES,R_15,R_60,0.5467508959419043
ES,R_15,U_60,0.5912046251102117
ES,R_15,D_60,-0.616149614774011
ES,R_15,Q_60,0.7638821524113507
ES,R_15,E_60,0.5815684649987013
ES,U_15,U_15,1.0
ES,U_15,D_15,-0.2285916405303495
ES,U_15,Q_15,0.7645350368026177
ES,U_15,E_15,0.6306823054083134
ES,U_15,R_30,0.4622660001585586
ES,U_15,U_30,0.9222373658894942
ES,U_15,D_30,-0.18771334557267105
ES,U_15,Q_30,0.6911878855053325
ES,U_15,E_30,0.5016967730865084
ES,U_15,R_60,0.3505916228009435
ES,U_15,U_60,0.8274954832031794
ES,U_15,D_60,-0.12074905228918184
ES,U_15,Q_60,0.5957154900068649
ES,U_15,E_60,0.3939673998444467
ES,D_15,D_15,1.0
ES,D_15,Q_15,-0.774905981362724
ES,D_15,E_15,-0.7090178690730365
ES,D_15,R_30,-0.49473862124219076
ES,D_15,U_30,-0.21793674354462375
ES,D_15,D_30,0.9088040875845067
ES,D_15,Q_30,-0.7166142528994549
ES,D_15,E_30,-0.5517287639064739
ES,D_15,R_60,-0.3711880169479219
ES,D_15,U_60,-0.15939848552226396
ES,D_15,D_60,0.7959032076190087
ES,D_15,Q_60,-0.6178622121298409
ES,D_15,E_60,-0.45771661444525563
ES,Q_15,Q_15,1.0
ES,Q_15,E_15,0.8632862878948362
ES,Q_15,R_30,0.6000568167401197
ES,Q_15,U_30,0.7094414690894768
ES,Q_15,D_30,-0.6899195625767929
ES,Q_15,Q_30,0.9085327099083118
ES,Q_15,E_30,0.6776713515513336
ES,Q_15,R_60,0.4536301288083832
ES,Q_15,U_60,0.6148989923277576
ES,Q_15,D_60,-0.5781924647585451
ES,Q_15,Q_60,0.7829068107438761
ES,Q_15,E_60,0.5487355970091063
ES,E_15,E_15,1.0
ES,E_15,R_30,0.7091478116108236
ES,E_15,U_30,0.6684495414737476
ES,E_15,D_30,-0.722247140260256
ES,E_15,Q_30,0.8949181292228863
ES,E_15,E_30,0.76450054647491
ES,E_15,R_60,0.5461723593461175
ES,E_15,U_60,0.6052586009383374
ES,E_15,D_60,-0.6446673492756722
ES,E_15,Q_60,0.8138760037457367
ES,E_15,E_60,0.6242520884671324
ES,R_30,R_30,0.9999999999999999
ES,R_30,U_30,0.6321159562853644
ES,R_30,D_30,-0.6647205876068341
ES,R_30,Q_30,0.8083530817621963
ES,R_30,E_30,0.9448469962716973
ES,R_30,R_60,0.7036478852763127
ES,R_30,U_60,0.6504215767582038
ES,R_30,D_60,-0.6788471566273125
ES,R_30,Q_60,0.834312633060448
ES,R_30,E_60,0.7026352119965618
ES,U_30,U_30,1.0
ES,U_30,D_30,-0.23182372422333403
ES,U_30,Q_30,0.764438336059031
ES,U_30,E_30,0.6498840176255463
ES,U_30,R_60,0.46799615406265427
ES,U_30,U_60,0.9205661692608672
ES,U_30,D_60,-0.1933309840306968
ES,U_30,Q_60,0.6969341884616436
ES,U_30,E_60,0.502738773327358
ES,D_30,D_30,1.0
ES,D_30,Q_30,-0.7779591466315483
ES,D_30,E_30,-0.6979357584769049
ES,D_30,R_60,-0.4838382677860193
ES,D_30,U_60,-0.2058246050989993
ES,D_30,D_60,0.9006090181600297
ES,D_30,Q_60,-0.7089994887357794
ES,D_30,E_60,-0.5626043998333116
ES,Q_30,Q_30,1.0
ES,Q_30,E_30,0.866122558222801
ES,Q_30,R_60,0.5941352818125354
ES,Q_30,U_60,0.6990981515845037
ES,Q_30,D_60,-0.6889594125824856
ES,Q_30,Q_60,0.9073260460820718
ES,Q_30,E_60,0.6839811504913532
ES,E_30,E_30,1.0
ES,E_30,R_60,0.6924370036576392
ES,E_30,U_60,0.6684121614247761
ES,E_30,D_60,-0.7055128899784465
ES,E_30,Q_60,0.8871218319687894
ES,E_30,E_60,0.7475709200907933
ES,R_60,R_60,0.9999999999999999
ES,R_60,U_60,0.6232742068121171
ES,R_60,D_60,-0.66641376380139
ES,R_60,Q_60,0.8037638916816239
ES,R_60,E_60,0.9382025775500147
ES,U_60,U_60,1.0
ES,U_60,D_60,-0.22207456972379877
ES,U_60,Q_60,0.7588775846834575
ES,U_60,E_60,0.6308616845519966
ES,D_60,D_60,0.9999999999999999
ES,D_60,Q_60,-0.7761179239036199
ES,D_60,E_60,-0.7161887758685213
ES,Q_60,Q_60,1.0
ES,Q_60,E_60,0.8686613353436916
ES,E_60,E_60,1.0
NQ,R_1,R_1,1.0
NQ,R_1,U_1,0.6782582173141103
NQ,R_1,D_1,-0.5772890941983786
NQ,R_1,Q_1,0.7893020315510878
NQ,R_1,E_1,0.9427825205925904
NQ,R_1,R_3,0.4913439852941933
NQ,R_1,U_3,0.6020217944749614
NQ,R_1,D_3,-0.544121399150134
NQ,R_1,Q_3,0.7283239685433753
NQ,R_1,E_3,0.5339279137695275
NQ,R_1,R_5,0.4312177317661587
NQ,R_1,U_5,0.565848587608707
NQ,R_1,D_5,-0.49112498703857643
NQ,R_1,Q_5,0.6661987468786984
NQ,R_1,E_5,0.47319978153302755
NQ,R_1,R_10,0.34434567939794114
NQ,R_1,U_10,0.5070193484263206
NQ,R_1,D_10,-0.42049434879597414
NQ,R_1,Q_10,0.5709094704470157
NQ,R_1,E_10,0.3855197948180906
NQ,R_1,R_15,0.3045812281919633
NQ,R_1,U_15,0.4720731410834813
NQ,R_1,D_15,-0.37378074396112326
NQ,R_1,Q_15,0.5211442273961833
NQ,R_1,E_15,0.34200705364253337
NQ,R_1,R_30,0.22981070745229065
NQ,R_1,U_30,0.3959529113649397
NQ,R_1,D_30,-0.2981976155824407
NQ,R_1,Q_30,0.43057923543198545
NQ,R_1,E_30,0.27631751388264875
NQ,R_1,R_60,0.19433444743968906
NQ,R_1,U_60,0.3367493175206539
NQ,R_1,D_60,-0.23234249029406695
NQ,R_1,Q_60,0.3488369692033326
NQ,R_1,E_60,0.22532713417062084
NQ,U_1,U_1,0.9999999999999999
NQ,U_1,D_1,-0.19903355746944448
NQ,U_1,Q_1,0.7388724188166188
NQ,U_1,E_1,0.6616033635012856
NQ,U_1,R_3,0.35173852621266777
NQ,U_1,U_3,0.8045691465457849
NQ,U_1,D_3,-0.12413130714172828
NQ,U_1,Q_3,0.5903782257033607
NQ,U_1,E_3,0.4031243973265703
NQ,U_1,R_5,0.2787728186554011
NQ,U_1,U_5,0.7488779030991976
NQ,U_1,D_5,-0.07840967125400232
NQ,U_1,Q_5,0.5220504828808683
NQ,U_1,E_5,0.3300568533524395
NQ,U_1,R_10,0.21783542188922733
NQ,U_1,U_10,0.667516708522466
NQ,U_1,D_10,-0.03272376708187053
NQ,U_1,Q_10,0.426172372760493
NQ,U_1,E_10,0.2579486574659706
NQ,U_1,R_15,0.21735538660049206
NQ,U_1,U_15,0.6374469103535984
NQ,U_1,D_15,-0.0014456757445591032
NQ,U_1,Q_15,0.38512347072487585
NQ,U_1,E_15,0.24507454632366468
NQ,U_1,R_30,0.1936239317531549
NQ,U_1,U_30,0.5831617557710812
NQ,U_1,D_30,0.044324262927546
NQ,U_1,Q_30,0.3277422266512949
NQ,U_1,E_30,0.21219553697972396
NQ,U_1,R_60,0.16609175023819328
NQ,U_1,U_60,0.5469548112754625
NQ,U_1,D_60,0.08690314143991647
NQ,U_1,Q_60,0.2756705215230994
NQ,U_1,E_60,0.16675084019195702
NQ,D_1,D_1,1.0
NQ,D_1,Q_1,-0.7760446480896609
NQ,D_1,E_1,-0.6315357751507195
NQ,D_1,R_3,-0.3137386988970228
NQ,D_1,U_3,-0.0937006971328031
NQ,D_1,D_3,0.8091827214952931
NQ,D_1,Q_3,-0.5892106082121369
NQ,D_1,E_3,-0.40721902296808565
NQ,D_1,R_5,-0.2920603420663585
NQ,D_1,U_5,-0.0632465728473356
NQ,D_1,D_5,0.7433580580690543
NQ,D_1,Q_5,-0.5268614433131754
NQ,D_1,E_5,-0.3680910366577159
NQ,D_1,R_10,-0.2413796732836211
NQ,D_1,U_10,-0.035212303595244056
NQ,D_1,D_10,0.6596331192130231
NQ,D_1,Q_10,-0.45194116598611556
NQ,D_1,E_10,-0.3074007060444146
NQ,D_1,R_15,-0.22113912998252408
NQ,D_1,U_15,-0.00740387874054488
NQ,D_1,D_15,0.6276731303381471
NQ,D_1,Q_15,-0.42166055101295696
NQ,D_1,E_15,-0.2907627923051109
NQ,D_1,R_30,-0.1708316743280208
NQ,D_1,U_30,0.04231354709790822
NQ,D_1,D_30,0.5541180030150265
NQ,D_1,Q_30,-0.3453535045528053
NQ,D_1,E_30,-0.24263323769802567
NQ,D_1,R_60,-0.14932324202448422
NQ,D_1,U_60,0.0796099397757948
NQ,D_1,D_60,0.4995730239675653
NQ,D_1,Q_60,-0.28188854346345815
NQ,D_1,E_60,-0.20540889859941608
NQ,Q_1,Q_1,1.0
NQ,Q_1,E_1,0.8485610653201818
NQ,Q_1,R_3,0.42275632179882217
NQ,Q_1,U_3,0.5545360493849752
NQ,Q_1,D_3,-0.6040912617111024
NQ,Q_1,Q_3,0.7776065256876056
NQ,Q_1,E_3,0.5383933937824833
NQ,Q_1,R_5,0.3671604345412222
NQ,Q_1,U_5,0.5032460205097933
NQ,Q_1,D_5,-0.535492459590327
NQ,Q_1,Q_5,0.6924321978988361
NQ,Q_1,E_5,0.4663797553938331
NQ,Q_1,R_10,0.29577414258610946
NQ,Q_1,U_10,0.4335502303375558
NQ,Q_1,D_10,-0.45550230596702157
NQ,Q_1,Q_10,0.5801720530405603
NQ,Q_1,E_10,0.37706268897793427
NQ,Q_1,R_15,0.286144296709134
NQ,Q_1,U_15,0.3986365105018803
NQ,Q_1,D_15,-0.4168927213337205
NQ,Q_1,Q_15,0.5354094485465943
NQ,Q_1,E_15,0.3651318880386377
NQ,Q_1,R_30,0.237662026322876
NQ,Q_1,U_30,0.33661255794568834
NQ,Q_1,D_30,-0.34198580511105714
NQ,Q_1,Q_30,0.45012697823892145
NQ,Q_1,E_30,0.3089229377798302
NQ,Q_1,R_60,0.20001016887169598
NQ,Q_1,U_60,0.28847756059603624
NQ,Q_1,D_60,-0.27798338132218503
NQ,Q_1,Q_60,0.3720832821761519
NQ,Q_1,E_60,0.24724845501973872
NQ,E_1,E_1,1.0
NQ,E_1,R_3,0.48452406773501344
NQ,E_1,U_3,0.581458844695584
NQ,E_1,D_3,-0.5888842579568945
NQ,E_1,Q_3,0.7772303150765992
NQ,E_1,E_3,0.5711677392535446
NQ,E_1,R_5,0.43535083111514955
NQ,E_1,U_5,0.5455062200456537
NQ,E_1,D_5,-0.535605528947461
NQ,E_1,Q_5,0.7130442748679797
NQ,E_1,E_5,0.5126380484778226
NQ,E_1,R_10,0.342596439372685
NQ,E_1,U_10,0.48378043948445515
NQ,E_1,D_10,-0.4599594362041211
NQ,E_1,Q_10,0.6089344685531369
NQ,E_1,E_10,0.41243585024478635
NQ,E_1,R_15,0.31038140490608557
NQ,E_1,U_15,0.4517762370329766
NQ,E_1,D_15,-0.41358824440842595
NQ,E_1,Q_15,0.5605839991312619
NQ,E_1,E_15,0.37671938551955475
NQ,E_1,R_30,0.24398633946416642
NQ,E_1,U_30,0.3796888290308585
NQ,E_1,D_30,-0.3364110506870874
NQ,E_1,Q_30,0.4690362399321959
NQ,E_1,E_30,0.31088204542398234
NQ,E_1,R_60,0.2002078285464299
NQ,E_1,U_60,0.3229143217321362
NQ,E_1,D_60,-0.26685251892435785
NQ,E_1,Q_60,0.3834235524891203
NQ,E_1,E_60,0.2487279191045424
NQ,R_3,R_3,1.0
NQ,R_3,U_3,0.651492841018152
NQ,R_3,D_3,-0.6114036959985893
NQ,R_3,Q_3,0.7976493585634872
NQ,R_3,E_3,0.9319859910022646
NQ,R_3,R_5,0.7730394352436212
NQ,R_3,U_5,0.6762652912827413
NQ,R_3,D_5,-0.6398750110477218
NQ,R_3,Q_5,0.8269858333530966
NQ,R_3,E_5,0.7430691266223757
NQ,R_3,R_10,0.5913511939315365
NQ,R_3,U_10,0.6498656841493816
NQ,R_3,D_10,-0.585050889401318
NQ,R_3,Q_10,0.7618772971120623
NQ,R_3,E_10,0.6059360434653168
NQ,R_3,R_15,0.5207203331248674
NQ,R_3,U_15,0.6147309256874893
NQ,R_3,D_15,-0.544687648170734
NQ,R_3,Q_15,0.7145071280864816
NQ,R_3,E_15,0.5444302868425066
NQ,R_3,R_30,0.4603070292437585
NQ,R_3,U_30,0.5475016849574474
NQ,R_3,D_30,-0.489109685867881
NQ,R_3,Q_30,0.6394458037803759
NQ,R_3,E_30,0.4712163783553115
NQ,R_3,R_60,0.35238548058606234
NQ,R_3,U_60,0.4861639829887286
NQ,R_3,D_60,-0.41632811240084855
NQ,R_3,Q_60,0.5541380236116745
NQ,R_3,E_60,0.3866497460516238
NQ,U_3,U_3,1.0
NQ,U_3,D_3,-0.17552375455652283
NQ,U_3,Q_3,0.7367034140361688
NQ,U_3,E_3,0.6535968993774472
NQ,U_3,R_5,0.4984902224271116
NQ,U_3,U_5,0.9501739190236289
NQ,U_3,D_5,-0.16571179046443907
NQ,U_3,Q_5,0.6968144475117873
NQ,U_3,E_5,0.523620049446284
NQ,U_3,R_10,0.38011135107060795
NQ,U_3,U_10,0.8589226432913836
NQ,U_3,D_10,-0.12050313311417689
NQ,U_3,Q_10,0.5940756726957102
NQ,U_3,E_10,0.4128947992998912
NQ,U_3,R_15,0.3522184282459191
NQ,U_3,U_15,0.814644276078896
NQ,U_3,D_15,-0.08676357442231865
NQ,U_3,Q_15,0.5424330291181886
NQ,U_3,E_15,0.37914331403472
NQ,U_3,R_30,0.31968126074787073
NQ,U_3,U_30,0.7420936220331438
NQ,U_3,D_30,-0.047123670008699665
NQ,U_3,Q_30,0.4780638093224571
NQ,U_3,E_30,0.33474266688144333
NQ,U_3,R_60,0.24602504042017878
NQ,U_3,U_60,0.6879859848615495
NQ,U_3,D_60,0.007026391078128613
NQ,U_3,Q_60,0.41017920856317197
NQ,U_3,E_60,0.255755648936369
NQ,D_3,D_3,1.0
NQ,D_3,Q_3,-0.760009849613976
NQ,D_3,E_3,-0.6600273876653359
NQ,D_3,R_5,-0.5112202797471007
NQ,D_3,U_5,-0.17236809671878098
NQ,D_3,D_5,0.9321713548668388
NQ,D_3,Q_5,-0.7136152449425376
NQ,D_3,E_5,-0.5643422746227109
NQ,D_3,R_10,-0.40928914685438555
NQ,D_3,U_10,-0.16101474729422122
NQ,D_3,D_10,0.8266794025123909
NQ,D_3,Q_10,-0.6335949179425617
NQ,D_3,E_10,-0.4748362426319142
NQ,D_3,R_15,-0.3615805188590075
NQ,D_3,U_15,-0.1359623769854847
NQ,D_3,D_15,0.7824762512991134
NQ,D_3,Q_15,-0.5980038114154062
NQ,D_3,E_15,-0.43235604203957084
NQ,D_3,R_30,-0.2843980517858944
NQ,D_3,U_30,-0.07439222036031679
NQ,D_3,D_30,0.6955026272478513
NQ,D_3,Q_30,-0.5048629556461169
NQ,D_3,E_30,-0.35677945692586505
NQ,D_3,R_60,-0.24197636365129954
NQ,D_3,U_60,-0.030302632911208226
NQ,D_3,D_60,0.6200637103355684
NQ,D_3,Q_60,-0.4245926899517957
NQ,D_3,E_60,-0.30930690381842973
NQ,Q_3,Q_3,0.9999999999999999
NQ,Q_3,E_3,0.8709338638844704
NQ,Q_3,R_5,0.6417101912490198
NQ,Q_3,U_5,0.7043319798275833
NQ,Q_3,D_5,-0.7099104724882572
NQ,Q_3,Q_5,0.9376924460145399
NQ,Q_3,E_5,0.7231762499245524
NQ,Q_3,R_10,0.5031007894016001
NQ,Q_3,U_10,0.6398674872977802
NQ,Q_3,D_10,-0.6144215215792908
NQ,Q_3,Q_10,0.8142265995544282
NQ,Q_3,E_10,0.591246186445068
NQ,Q_3,R_15,0.4591611519131236
NQ,Q_3,U_15,0.5969919648679671
NQ,Q_3,D_15,-0.5670978225112243
NQ,Q_3,Q_15,0.7583400343879932
NQ,Q_3,E_15,0.5469916531934242
NQ,Q_3,R_30,0.38482731914213036
NQ,Q_3,U_30,0.5162106624710646
NQ,Q_3,D_30,-0.48505063293985295
NQ,Q_3,Q_30,0.6551745262825551
NQ,Q_3,E_30,0.45888868664267013
NQ,Q_3,R_60,0.30721071430467783
NQ,Q_3,U_60,0.451413401580989
NQ,Q_3,D_60,-0.3998537833007281
NQ,Q_3,Q_60,0.5532870694037898
NQ,Q_3,E_60,0.3725029131299085
NQ,E_3,E_3,1.0
NQ,E_3,R_5,0.7429260687871426
NQ,E_3,U_5,0.6804795583890552
NQ,E_3,D_5,-0.6847471926895135
NQ,E_3,Q_5,0.8975754933161093
NQ,E_3,E_5,0.7933433484703288
NQ,E_3,R_10,0.5769737646451445
NQ,E_3,U_10,0.6447712714247192
NQ,E_3,D_10,-0.6232531219173717
NQ,E_3,Q_10,0.817830021585673
NQ,E_3,E_10,0.6462489408309511
NQ,E_3,R_15,0.5193584715190307
NQ,E_3,U_15,0.6114933737686041
NQ,E_3,D_15,-0.586499282096401
NQ,E_3,Q_15,0.7735264629175472
NQ,E_3,E_15,0.5924033439690597
NQ,E_3,R_30,0.4388516737829646
NQ,E_3,U_30,0.5397734495009058
NQ,E_3,D_30,-0.5172368997148411
NQ,E_3,Q_30,0.6841166673851408
NQ,E_3,E_30,0.4937210036879325
NQ,E_3,R_60,0.3472762189191295
NQ,E_3,U_60,0.4783708007258877
NQ,E_3,D_60,-0.43833176946073177
NQ,E_3,Q_60,0.5912763880135168
NQ,E_3,E_60,0.41258297432441127
NQ,R_5,R_5,1.0
NQ,R_5,U_5,0.6173114920582786
NQ,R_5,D_5,-0.6558076577252072
NQ,R_5,Q_5,0.8023032110332367
NQ,R_5,E_5,0.9390264532751844
NQ,R_5,R_10,0.7356873423548741
NQ,R_5,U_10,0.6605610759825892
NQ,R_5,D_10,-0.6851590689776771
NQ,R_5,Q_10,0.8359757193513376
NQ,R_5,E_10,0.7186122782847497
NQ,R_5,R_15,0.6218509752323323
NQ,R_5,U_15,0.6345441538811422
NQ,R_5,D_15,-0.6530747387191589
NQ,R_5,Q_15,0.7988957927196008
NQ,R_5,E_15,0.6338069716751483
NQ,R_5,R_30,0.5192733075434978
NQ,R_5,U_30,0.5717973600105966
NQ,R_5,D_30,-0.5865090049042266
NQ,R_5,Q_30,0.7177256657797482
NQ,R_5,E_30,0.5415501372737151
NQ,R_5,R_60,0.41518261512706545
NQ,R_5,U_60,0.5077453103884089
NQ,R_5,D_60,-0.5106121361094185
NQ,R_5,Q_60,0.6287272993699043
NQ,R_5,E_60,0.4525578012854499
NQ,U_5,U_5,1.0
NQ,U_5,D_5,-0.19025050557399845
NQ,U_5,Q_5,0.7423720973531951
NQ,U_5,E_5,0.6305757381347044
NQ,U_5,R_10,0.45845146087244654
NQ,U_5,U_10,0.9185572815234694
NQ,U_5,D_10,-0.16522910737005592
NQ,U_5,Q_10,0.659167672794331
NQ,U_5,E_10,0.48668304298110604
NQ,U_5,R_15,0.41637075852868716
NQ,U_5,U_15,0.8737708769714299
NQ,U_5,D_15,-0.13406454865394182
NQ,U_5,Q_15,0.6091799811170192
NQ,U_5,E_15,0.44205442426639097
NQ,U_5,R_30,0.37085863020917964
NQ,U_5,U_30,0.7990311055639046
NQ,U_5,D_30,-0.09268569602787918
NQ,U_5,Q_30,0.5421826015069154
NQ,U_5,E_30,0.38770833669222327
NQ,U_5,R_60,0.2916042648868073
NQ,U_5,U_60,0.7379900644470321
NQ,U_5,D_60,-0.03902632991633364
NQ,U_5,Q_60,0.4707044699684525
NQ,U_5,E_60,0.3038366091590343
NQ,D_5,D_5,1.0
NQ,D_5,Q_5,-0.7667766978643535
NQ,D_5,E_5,-0.6896667094964719
NQ,D_5,R_10,-0.5005276031824565
NQ,D_5,U_10,-0.20214465057948852
NQ,D_5,D_10,0.9089245091045084
NQ,D_5,Q_10,-0.7116824852044071
NQ,D_5,E_10,-0.5566800887139917
NQ,D_5,R_15,-0.427474934723013
NQ,D_5,U_15,-0.17914948015269588
NQ,D_5,D_15,0.8613689831934619
NQ,D_5,Q_15,-0.67387105343758
NQ,D_5,E_15,-0.5006560989911027
NQ,D_5,R_30,-0.34300695836978595
NQ,D_5,U_30,-0.11815526515461097
NQ,D_5,D_30,0.7700258352160374
NQ,D_5,Q_30,-0.5784357102853912
NQ,D_5,E_30,-0.41749738629043853
NQ,D_5,R_60,-0.2865849957593153
NQ,D_5,U_60,-0.06948696842192648
NQ,D_5,D_60,0.6864990013414352
NQ,D_5,Q_60,-0.491492741370131
NQ,D_5,E_60,-0.35994460813169865
NQ,Q_5,Q_5,1.0
NQ,Q_5,E_5,0.8691593780166292
NQ,Q_5,R_10,0.6031441172039698
NQ,Q_5,U_10,0.6976215402708049
NQ,Q_5,D_10,-0.6892638501594376
NQ,Q_5,Q_10,0.9007535835114834
NQ,Q_5,E_10,0.684028845204545
NQ,Q_5,R_15,0.5352696972640416
NQ,Q_5,U_15,0.6556808312262333
NQ,Q_5,D_15,-0.6410465138015702
NQ,Q_5,Q_15,0.8439508085230127
NQ,Q_5,E_15,0.6248379121822185
NQ,Q_5,R_30,0.44920690561283855
NQ,Q_5,U_30,0.5729728119828116
NQ,Q_5,D_30,-0.5561756840247412
NQ,Q_5,Q_30,0.7373361472681966
NQ,Q_5,E_30,0.5255838818117593
NQ,Q_5,R_60,0.35833968089968854
NQ,Q_5,U_60,0.5007400829215602
NQ,Q_5,D_60,-0.46627080230426254
NQ,Q_5,Q_60,0.6278915394823842
NQ,Q_5,E_60,0.4281862232461727
NQ,E_5,E_5,1.0
NQ,E_5,R_10,0.7137226752554627
NQ,E_5,U_10,0.6744583692850367
NQ,E_5,D_10,-0.7144027097632389
NQ,E_5,Q_10,0.8954667536796632
NQ,E_5,E_10,0.7614924669186636
NQ,E_5,R_15,0.6191963782126854
NQ,E_5,U_15,0.6469968171217244
NQ,E_5,D_15,-0.6850300731846128
NQ,E_5,Q_15,0.8601526102131135
NQ,E_5,E_15,0.685757470585266
NQ,E_5,R_30,0.5094806986265796
NQ,E_5,U_30,0.5829011297780522
NQ,E_5,D_30,-0.6096970663282797
NQ,E_5,Q_30,0.7727638867412234
NQ,E_5,E_30,0.5743279378879215
NQ,E_5,R_60,0.41032221376555095
NQ,E_5,U_60,0.5172087299347794
NQ,E_5,D_60,-0.526118351604175
NQ,E_5,Q_60,0.6741131333980548
NQ,E_5,E_60,0.47772728747466847
NQ,R_10,R_10,1.0
NQ,R_10,U_10,0.6354050743719759
NQ,R_10,D_10,-0.6839232705681065
NQ,R_10,Q_10,0.8197416375293263
NQ,R_10,E_10,0.9451976197910948
NQ,R_10,R_15,0.8111755472684741
NQ,R_10,U_15,0.6613667307325793
NQ,R_10,D_15,-0.7101228582409125
NQ,R_10,Q_15,0.852002270145288
NQ,R_10,E_15,0.785338610081423
NQ,R_10,R_30,0.6234189207835444
NQ,R_10,U_30,0.6257650476442945
NQ,R_10,D_30,-0.6599274571408883
NQ,R_10,Q_30,0.7986348894265759
NQ,R_10,E_30,0.6352901214565642
NQ,R_10,R_60,0.4842562019751145
NQ,R_10,U_60,0.5626512716669582
NQ,R_10,D_60,-0.5834153035179511
NQ,R_10,Q_60,0.7104620553958118
NQ,R_10,E_60,0.5188550944846144
NQ,U_10,U_10,1.0
NQ,U_10,D_10,-0.23555496984583268
NQ,U_10,Q_10,0.7513789742303947
NQ,U_10,E_10,0.6482252703117461
NQ,U_10,R_15,0.5557499351787009
NQ,U_10,U_15,0.9664429492613583
NQ,U_10,D_15,-0.22011968877067328
NQ,U_10,Q_15,0.7181757541113911
NQ,U_10,E_15,0.5715669552423447
NQ,U_10,R_30,0.45671842180427386
NQ,U_10,U_30,0.8858000871904858
NQ,U_10,D_30,-0.18305658004713135
NQ,U_10,Q_30,0.6520109973247245
NQ,U_10,E_30,0.4753576901152766
NQ,U_10,R_60,0.361313115511719
NQ,U_10,U_60,0.8116454759653617
NQ,U_10,D_60,-0.12712846976835196
NQ,U_10,Q_60,0.5720497749305352
NQ,U_10,E_60,0.38396382428874554
NQ,D_10,D_10,0.9999999999999999
NQ,D_10,Q_10,-0.7881967039784333
NQ,D_10,E_10,-0.7187619439079658
NQ,D_10,R_15,-0.5798780350631499
NQ,D_10,U_15,-0.2330270663551468
NQ,D_10,D_15,0.9684286145044031
NQ,D_10,Q_15,-0.7743132147607702
NQ,D_10,E_15,-0.6356890516802173
NQ,D_10,R_30,-0.45337891070395236
NQ,D_10,U_30,-0.19093409794302257
NQ,D_10,D_30,0.8731682160517424
NQ,D_10,Q_30,-0.6888066665872482
NQ,D_10,E_30,-0.5250639250969404
NQ,D_10,R_60,-0.35714715269664826
NQ,D_10,U_60,-0.14248346580998852
NQ,D_10,D_60,0.778342514223136
NQ,D_10,Q_60,-0.5966691390543213
NQ,D_10,E_60,-0.4346139763961078
NQ,Q_10,Q_10,1.0
NQ,Q_10,E_10,0.8828756331602456
NQ,Q_10,R_15,0.7093821222552608
NQ,Q_10,U_15,0.7313620193802496
NQ,Q_10,D_15,-0.7604597099763744
NQ,Q_10,Q_15,0.9701829020685218
NQ,Q_10,E_15,0.7876620503777351
NQ,Q_10,R_30,0.5638341447354408
NQ,Q_10,U_30,0.6580338431531327
NQ,Q_10,D_30,-0.6754917623443577
NQ,Q_10,Q_30,0.8704149214702808
NQ,Q_10,E_30,0.6449469565840004
NQ,Q_10,R_60,0.4399728042535799
NQ,Q_10,U_60,0.5794143218925122
NQ,Q_10,D_60,-0.5778355625032937
NQ,Q_10,Q_60,0.7529911052331489
NQ,Q_10,E_60,0.5212868286628537
NQ,E_10,E_10,1.0
NQ,E_10,R_15,0.7993688509062539
NQ,E_10,U_15,0.6760840165456132
NQ,E_10,D_15,-0.7458791182117115
NQ,E_10,Q_15,0.9169100475311396
NQ,E_10,E_15,0.8435234118462777
NQ,E_10,R_30,0.6134991106875352
NQ,E_10,U_30,0.636836006660413
NQ,E_10,D_30,-0.6893421090382077
NQ,E_10,Q_30,0.8583060375170625
NQ,E_10,E_30,0.6757366530158503
NQ,E_10,R_60,0.48369830431197824
NQ,E_10,U_60,0.5727819810211099
NQ,E_10,D_60,-0.6063385649910179
NQ,E_10,Q_60,0.7621189908052719
NQ,E_10,E_60,0.554219066046708
NQ,R_15,R_15,0.9999999999999999
NQ,R_15,U_15,0.6442072015689203
NQ,R_15,D_15,-0.6598861698889598
NQ,R_15,Q_15,0.8107091941647856
NQ,R_15,E_15,0.9400163119484665
NQ,R_15,R_30,0.7516554521170747
NQ,R_15,U_30,0.6711274394284008
NQ,R_15,D_30,-0.6814323108512531
NQ,R_15,Q_30,0.843826541852126
NQ,R_15,E_30,0.7344363473947363
NQ,R_15,R_60,0.5812214768342081
NQ,R_15,U_60,0.6276818459532022
NQ,R_15,D_60,-0.6197886680781541
NQ,R_15,Q_60,0.7807865389814818
NQ,R_15,E_60,0.6025280184548879
NQ,U_15,U_15,1.0
NQ,U_15,D_15,-0.22969542746473035
NQ,U_15,Q_15,0.7438403500467151
NQ,U_15,E_15,0.646143695694955
NQ,U_15,R_30,0.5129423078827045
NQ,U_15,U_30,0.9299337848567828
NQ,U_15,D_30,-0.20821445200462554
NQ,U_15,Q_30,0.6953448467960701
NQ,U_15,E_30,0.5250972476871398
NQ,U_15,R_60,0.4086285709495185
NQ,U_15,U_60,0.8555083104439505
NQ,U_15,D_60,-0.15692450623080584
NQ,U_15,Q_60,0.6187181502743808
NQ,U_15,E_60,0.42838597389370925
NQ,D_15,D_15,0.9999999999999999
NQ,D_15,Q_15,-0.792369417036496
NQ,D_15,E_15,-0.7041453142110513
NQ,D_15,R_30,-0.5002390615181406
NQ,D_15,U_30,-0.2021569463788546
NQ,D_15,D_30,0.9159185469398355
NQ,D_15,Q_30,-0.7224087793911856
NQ,D_15,E_30,-0.5665132694593349
NQ,D_15,R_60,-0.39523262274682447
NQ,D_15,U_60,-0.16263318247753528
NQ,D_15,D_60,0.8172712070938671
NQ,D_15,Q_60,-0.6344651776838108
NQ,D_15,E_60,-0.4730436874837102
NQ,Q_15,Q_15,0.9999999999999999
NQ,Q_15,E_15,0.8766882686841666
NQ,Q_15,R_30,0.627901225590671
NQ,Q_15,U_30,0.6850548834910021
NQ,Q_15,D_30,-0.7224149739688528
NQ,Q_15,Q_30,0.9188321644777947
NQ,Q_15,E_30,0.7034574351224443
NQ,Q_15,R_60,0.4939173400138427
NQ,Q_15,U_60,0.6130454393113478
NQ,Q_15,D_60,-0.6244223749978474
NQ,Q_15,Q_60,0.8055557693411495
NQ,Q_15,E_60,0.5737521925961175
NQ,E_15,E_15,1.0
NQ,E_15,R_30,0.7267005764424002
NQ,E_15,U_30,0.6681078067329272
NQ,E_15,D_30,-0.7206201760092299
NQ,E_15,Q_30,0.9028395271324904
NQ,E_15,E_30,0.7779080531340562
NQ,E_15,R_60,0.5696020504946218
NQ,E_15,U_60,0.6251644757425618
NQ,E_15,D_60,-0.6532808594886345
NQ,E_15,Q_60,0.8325511943332096
NQ,E_15,E_60,0.6393444546449225
NQ,R_30,R_30,0.9999999999999999
NQ,R_30,U_30,0.657007971349878
NQ,R_30,D_30,-0.6584463074695077
NQ,R_30,Q_30,0.8158724100714688
NQ,R_30,E_30,0.9408130361858423
NQ,R_30,R_60,0.7527644978439142
NQ,R_30,U_60,0.6866146579697657
NQ,R_30,D_60,-0.6804057092656494
NQ,R_30,Q_60,0.8537303558667513
NQ,R_30,E_60,0.7389781708596557
NQ,U_30,U_30,0.9999999999999999
NQ,U_30,D_30,-0.22521813130677099
NQ,U_30,Q_30,0.7463279864774611
NQ,U_30,E_30,0.6475305469183109
NQ,U_30,R_60,0.5095691350673978
NQ,U_30,U_60,0.9409615686523066
NQ,U_30,D_60,-0.20073346203699108
NQ,U_30,Q_60,0.6995861206735262
NQ,U_30,E_60,0.5207736508222834
NQ,D_30,D_30,1.0
NQ,D_30,Q_30,-0.7863030132214073
NQ,D_30,E_30,-0.7059764996522981
NQ,D_30,R_60,-0.5107494880490506
NQ,D_30,U_60,-0.21163325115302045
NQ,D_30,D_60,0.9181568297836283
NQ,D_30,Q_60,-0.7270209799564078
NQ,D_30,E_60,-0.5818930011788401
NQ,Q_30,Q_30,1.0
NQ,Q_30,E_30,0.8765180403536488
NQ,Q_30,R_60,0.6313766603636708
NQ,Q_30,U_60,0.7012057987126129
NQ,Q_30,D_60,-0.7162583415421122
NQ,Q_30,Q_60,0.9240908958440854
NQ,Q_30,E_60,0.7083275405877245
NQ,E_30,E_30,1.0
NQ,E_30,R_60,0.7356922535457264
NQ,E_30,U_60,0.678314294102835
NQ,E_30,D_60,-0.727854345942476
NQ,E_30,Q_60,0.9112106752582907
NQ,E_30,E_60,0.7844956202552017
NQ,R_60,R_60,1.0
NQ,R_60,U_60,0.642698905895261
NQ,R_60,D_60,-0.6707363928643908
NQ,R_60,Q_60,0.8151570563324941
NQ,R_60,E_60,0.9444376037702334
NQ,U_60,U_60,1.0
NQ,U_60,D_60,-0.22871918625426257
NQ,U_60,Q_60,0.7511861139566908
NQ,U_60,E_60,0.6354264900992113
NQ,D_60,D_60,1.0
NQ,D_60,Q_60,-0.7856682085679422
NQ,D_60,E_60,-0.7232596651870858
NQ,Q_60,Q_60,0.9999999999999999
NQ,Q_60,E_60,0.8751826976110231
NQ,E_60,E_60,1.0
