instrument,horizon,metric,year,n,mean,note
ES,1,R,2018,256,-0.009765625,
ES,1,R,2019,258,0.007751937984496124,
ES,1,R,2020,256,0.1015625,
ES,1,R,2021,258,0.2238372093023256,
ES,1,R,2022,258,1.2025193798449612,
ES,1,Q,2018,256,0.017833831155981347,
ES,1,Q,2019,258,-0.027222608126560896,
ES,1,Q,2020,256,0.0016310385287569337,
ES,1,Q,2021,258,0.062247241692885355,
ES,1,Q,2022,258,0.2137703280475555,
ES,3,R,2018,256,0.328125,
ES,3,R,2019,258,-0.2374031007751938,
ES,3,R,2020,256,0.4814453125,
ES,3,R,2021,258,0.4050387596899225,
ES,3,R,2022,258,0.6114341085271318,
ES,3,Q,2018,256,0.03886611542917573,
ES,3,Q,2019,258,-0.04235973473081285,
ES,3,Q,2020,256,-0.0009471902151788943,
ES,3,Q,2021,258,0.044420161977614704,
ES,3,Q,2022,258,0.13136881823607785,
ES,5,R,2018,256,0.3623046875,
ES,5,R,2019,258,-0.1753875968992248,
ES,5,R,2020,256,-0.1806640625,
ES,5,R,2021,258,0.16375968992248063,
ES,5,R,2022,258,0.08042635658914729,
ES,5,Q,2018,256,0.02768397782202795,
ES,5,Q,2019,258,-0.0583752879559022,
ES,5,Q,2020,256,-0.018273521601407244,
ES,5,Q,2021,258,0.038388234081722865,
ES,5,Q,2022,258,0.08351712384022406,
ES,10,R,2018,256,0.646484375,
ES,10,R,2019,258,0.2005813953488372,
ES,10,R,2020,256,-0.837890625,
ES,10,R,2021,258,0.1560077519379845,
ES,10,R,2022,258,0.15406976744186046,
ES,10,Q,2018,256,0.03870282224019113,
ES,10,Q,2019,258,-0.024794924747799672,
ES,10,Q,2020,256,-0.0498083189938916,
ES,10,Q,2021,258,0.026159738218424034,
ES,10,Q,2022,258,0.029776830586751044,
ES,15,R,2018,256,0.5556640625,
ES,15,R,2019,258,0.11046511627906977,
ES,15,R,2020,256,-0.9501953125,
ES,15,R,2021,258,0.3391472868217054,
ES,15,R,2022,258,-0.09108527131782945,
ES,15,Q,2018,256,0.049213760967481146,
ES,15,Q,2019,258,-0.017262493893884318,
ES,15,Q,2020,256,-0.05253870963895273,
ES,15,Q,2021,258,0.01866584848646706,
ES,15,Q,2022,258,0.018529905598879067,
ES,30,R,2018,256,0.32421875,
ES,30,R,2019,258,0.26841085271317827,
ES,30,R,2020,256,-0.3232421875,
ES,30,R,2021,258,0.9011627906976745,
ES,30,R,2022,258,0.48158914728682173,
ES,30,Q,2018,256,0.035423873360228855,
ES,30,Q,2019,258,-0.04168959591286041,
ES,30,Q,2020,256,-0.053869654364200235,
ES,30,Q,2021,258,0.03157426369579539,
ES,30,Q,2022,258,0.011746164768588151,
ES,60,R,2018,256,-0.1044921875,
ES,60,R,2019,258,0.5552325581395349,
ES,60,R,2020,255,0.7049019607843138,
ES,60,R,2021,258,0.5755813953488372,
ES,60,R,2022,258,-0.3536821705426357,
ES,60,Q,2018,256,0.007996293186879819,
ES,60,Q,2019,258,-0.05427124936241988,
ES,60,Q,2020,255,-0.03251498268494312,
ES,60,Q,2021,258,0.016344597909304946,
ES,60,Q,2022,258,-0.00973664506148784,
NQ,1,R,2018,256,0.5595703125,
NQ,1,R,2019,257,0.7762645914396887,
NQ,1,R,2020,255,0.8764705882352941,
NQ,1,R,2021,258,0.9815891472868217,
NQ,1,R,2022,258,4.778100775193798,
NQ,1,Q,2018,256,0.07446101535785697,
NQ,1,Q,2019,257,0.028199708370606924,
NQ,1,Q,2020,255,0.01347961392230003,
NQ,1,Q,2021,258,0.024279503273489413,
NQ,1,Q,2022,258,0.10640028944282295,
NQ,3,R,2018,256,2.1982421875,
NQ,3,R,2019,257,0.24124513618677043,
NQ,3,R,2020,255,3.503921568627451,
NQ,3,R,2021,258,0.25872093023255816,
NQ,3,R,2022,258,1.6618217054263567,
NQ,3,Q,2018,256,0.08424650351393159,
NQ,3,Q,2019,257,-0.0017108888475317672,
NQ,3,Q,2020,255,0.04924070311131456,
NQ,3,Q,2021,258,0.04326797269458538,
NQ,3,Q,2022,258,0.07000145458094581,
NQ,5,R,2018,256,1.966796875,
NQ,5,R,2019,257,0.835603112840467,
NQ,5,R,2020,255,1.2058823529411764,
NQ,5,R,2021,258,-1.1647286821705427,
NQ,5,R,2022,258,-1.3585271317829457,
NQ,5,Q,2018,256,0.07755847734650126,
NQ,5,Q,2019,257,-0.006009653398769016,
NQ,5,Q,2020,255,0.027829407287122042,
NQ,5,Q,2021,258,0.025149253805751497,
NQ,5,Q,2022,258,0.03801619740567639,
NQ,10,R,2018,256,1.8974609375,
NQ,10,R,2019,257,2.267509727626459,
NQ,10,R,2020,255,-0.6137254901960785,
NQ,10,R,2021,258,-0.22286821705426357,
NQ,10,R,2022,258,-1.2877906976744187,
NQ,10,Q,2018,256,0.06242952039666318,
NQ,10,Q,2019,257,0.02491222539400414,
NQ,10,Q,2020,255,0.014670309691651317,
NQ,10,Q,2021,258,0.005581367836094513,
NQ,10,Q,2022,258,-0.007458250233318715,
NQ,15,R,2018,256,1.6201171875,
NQ,15,R,2019,257,1.534046692607004,
NQ,15,R,2020,255,-0.16568627450980392,
NQ,15,R,2021,258,0.0562015503875969,
NQ,15,R,2022,258,-1.3449612403100775,
NQ,15,Q,2018,256,0.05849152659106546,
NQ,15,Q,2019,257,0.032607037612159814,
NQ,15,Q,2020,255,0.012361963683575092,
NQ,15,Q,2021,258,0.012078062867864689,
NQ,15,Q,2022,258,-0.01830751495121965,
NQ,30,R,2018,256,1.0947265625,
NQ,30,R,2019,257,2.019455252918288,
NQ,30,R,2020,255,3.069607843137255,
NQ,30,R,2021,258,2.729651162790698,
NQ,30,R,2022,258,0.4786821705426357,
NQ,30,Q,2018,256,0.03381137610590682,
NQ,30,Q,2019,257,0.0010153414963595011,
NQ,30,Q,2020,255,0.0022147948757994707,
NQ,30,Q,2021,258,0.015066158643924781,
NQ,30,Q,2022,258,-0.013266018014142098,
NQ,60,R,2018,256,0.291015625,
NQ,60,R,2019,257,3.252918287937743,
NQ,60,R,2020,254,5.631889763779528,
NQ,60,R,2021,258,1.2936046511627908,
NQ,60,R,2022,258,-3.11531007751938,
NQ,60,Q,2018,256,0.02266292609502605,
NQ,60,Q,2019,257,-0.022053852400660334,
NQ,60,Q,2020,254,0.014827478896963597,
NQ,60,Q,2021,258,0.0015532805146771895,
NQ,60,Q,2022,258,-0.030159312589309175,
