instrument,level_id,horizon,b,n,continuation_first_rate,reversal_first_rate,same_bar_tie_rate,neither_rate
ES,LOWER_k0,1,0.5,1086,0.3287292817679558,0.3314917127071823,0.3250460405156538,0.014732965009208104
ES,LOWER_k0,2,0.5,1086,0.3342541436464088,0.3333333333333333,0.3268876611418048,0.0055248618784530384
ES,LOWER_k0,3,0.5,1086,0.3351749539594843,0.3360957642725598,0.3268876611418048,0.001841620626151013
ES,LOWER_k0,4,0.5,1086,0.3351749539594843,0.3360957642725598,0.3268876611418048,0.001841620626151013
ES,LOWER_k0,5,0.5,1086,0.3351749539594843,0.3370165745856354,0.3268876611418048,0.0009208103130755065
ES,LOWER_k0,10,0.5,1086,0.3351749539594843,0.3379373848987109,0.3268876611418048,0.0
ES,LOWER_k0,15,0.5,1086,0.3351749539594843,0.3379373848987109,0.3268876611418048,0.0
ES,LOWER_k0,20,0.5,1086,0.3351749539594843,0.3379373848987109,0.3268876611418048,0.0
ES,LOWER_k0,30,0.5,1086,0.3351749539594843,0.3379373848987109,0.3268876611418048,0.0
ES,LOWER_k0,60,0.5,1086,0.3351749539594843,0.3379373848987109,0.3268876611418048,0.0
ES,LOWER_k0,120,0.5,1086,0.3351749539594843,0.3379373848987109,0.3268876611418048,0.0
ES,LOWER_k1,1,0.5,1006,0.33697813121272363,0.3260437375745527,0.3230616302186879,0.013916500994035786
ES,LOWER_k1,2,0.5,1006,0.34393638170974156,0.33001988071570576,0.3240556660039761,0.0019880715705765406
ES,LOWER_k1,3,0.5,1006,0.34393638170974156,0.33101391650099404,0.3240556660039761,0.0009940357852882703
ES,LOWER_k1,4,0.5,1006,0.34493041749502984,0.33101391650099404,0.3240556660039761,0.0
ES,LOWER_k1,5,0.5,1006,0.34493041749502984,0.33101391650099404,0.3240556660039761,0.0
ES,LOWER_k1,10,0.5,1006,0.34493041749502984,0.33101391650099404,0.3240556660039761,0.0
ES,LOWER_k1,15,0.5,1006,0.34493041749502984,0.33101391650099404,0.3240556660039761,0.0
ES,LOWER_k1,20,0.5,1006,0.34493041749502984,0.33101391650099404,0.3240556660039761,0.0
ES,LOWER_k1,30,0.5,1006,0.34493041749502984,0.33101391650099404,0.3240556660039761,0.0
ES,LOWER_k1,60,0.5,1006,0.34493041749502984,0.33101391650099404,0.3240556660039761,0.0
ES,LOWER_k1,120,0.5,1006,0.34493041749502984,0.33101391650099404,0.3240556660039761,0.0
ES,LOWER_k2,1,0.5,923,0.31094257854821233,0.3456121343445287,0.3282773564463705,0.015167930660888408
ES,LOWER_k2,2,0.5,923,0.3174431202600217,0.34994582881906827,0.3293607800650054,0.0032502708559046588
ES,LOWER_k2,3,0.5,923,0.31852654387865653,0.35102925243770317,0.3304442036836403,0.0
ES,LOWER_k2,4,0.5,923,0.31852654387865653,0.35102925243770317,0.3304442036836403,0.0
ES,LOWER_k2,5,0.5,923,0.31852654387865653,0.35102925243770317,0.3304442036836403,0.0
ES,LOWER_k2,10,0.5,923,0.31852654387865653,0.35102925243770317,0.3304442036836403,0.0
ES,LOWER_k2,15,0.5,923,0.31852654387865653,0.35102925243770317,0.3304442036836403,0.0
ES,LOWER_k2,20,0.5,923,0.31852654387865653,0.35102925243770317,0.3304442036836403,0.0
ES,LOWER_k2,30,0.5,923,0.31852654387865653,0.35102925243770317,0.3304442036836403,0.0
ES,LOWER_k2,60,0.5,923,0.31852654387865653,0.35102925243770317,0.3304442036836403,0.0
ES,LOWER_k2,120,0.5,923,0.31852654387865653,0.35102925243770317,0.3304442036836403,0.0
ES,LOWER_k3,1,0.5,854,0.2997658079625293,0.34894613583138173,0.33840749414519905,0.01288056206088993
ES,LOWER_k3,2,0.5,854,0.3044496487119438,0.35362997658079626,0.3395784543325527,0.00234192037470726
ES,LOWER_k3,3,0.5,854,0.3044496487119438,0.3548009367681499,0.3395784543325527,0.00117096018735363
ES,LOWER_k3,4,0.5,854,0.30562060889929743,0.3548009367681499,0.3395784543325527,0.0
ES,LOWER_k3,5,0.5,854,0.30562060889929743,0.3548009367681499,0.3395784543325527,0.0
ES,LOWER_k3,10,0.5,854,0.30562060889929743,0.3548009367681499,0.3395784543325527,0.0
ES,LOWER_k3,15,0.5,854,0.30562060889929743,0.3548009367681499,0.3395784543325527,0.0
ES,LOWER_k3,20,0.5,854,0.30562060889929743,0.3548009367681499,0.3395784543325527,0.0
ES,LOWER_k3,30,0.5,854,0.30562060889929743,0.3548009367681499,0.3395784543325527,0.0
ES,LOWER_k3,60,0.5,854,0.30562060889929743,0.3548009367681499,0.3395784543325527,0.0
ES,LOWER_k3,120,0.5,854,0.30562060889929743,0.3548009367681499,0.3395784543325527,0.0
ES,UPPER_k0,1,0.5,1110,0.3567567567567568,0.3342342342342342,0.2981981981981982,0.010810810810810811
ES,UPPER_k0,2,0.5,1110,0.3621621621621622,0.33603603603603605,0.2981981981981982,0.0036036036036036037
ES,UPPER_k0,3,0.5,1110,0.3630630630630631,0.3387387387387387,0.2981981981981982,0.0
ES,UPPER_k0,4,0.5,1110,0.3630630630630631,0.3387387387387387,0.2981981981981982,0.0
ES,UPPER_k0,5,0.5,1110,0.3630630630630631,0.3387387387387387,0.2981981981981982,0.0
ES,UPPER_k0,10,0.5,1110,0.3630630630630631,0.3387387387387387,0.2981981981981982,0.0
ES,UPPER_k0,15,0.5,1110,0.3630630630630631,0.3387387387387387,0.2981981981981982,0.0
ES,UPPER_k0,20,0.5,1110,0.3630630630630631,0.3387387387387387,0.2981981981981982,0.0
ES,UPPER_k0,30,0.5,1110,0.3630630630630631,0.3387387387387387,0.2981981981981982,0.0
ES,UPPER_k0,60,0.5,1110,0.3630630630630631,0.3387387387387387,0.2981981981981982,0.0
ES,UPPER_k0,120,0.5,1110,0.3630630630630631,0.3387387387387387,0.2981981981981982,0.0
ES,UPPER_k1,1,0.5,1019,0.3434739941118744,0.35034347399411186,0.2845927379784102,0.021589793915603533
ES,UPPER_k1,2,0.5,1019,0.352306182531894,0.3562315996074583,0.2855740922473013,0.005888125613346418
ES,UPPER_k1,3,0.5,1019,0.35525024533856725,0.3562315996074583,0.2855740922473013,0.002944062806673209
ES,UPPER_k1,4,0.5,1019,0.35525024533856725,0.3572129538763494,0.2855740922473013,0.001962708537782139
ES,UPPER_k1,5,0.5,1019,0.35525024533856725,0.3572129538763494,0.2855740922473013,0.001962708537782139
ES,UPPER_k1,10,0.5,1019,0.35525024533856725,0.35819430814524045,0.2855740922473013,0.0009813542688910696
ES,UPPER_k1,15,0.5,1019,0.35525024533856725,0.3591756624141315,0.2855740922473013,0.0
ES,UPPER_k1,20,0.5,1019,0.35525024533856725,0.3591756624141315,0.2855740922473013,0.0
ES,UPPER_k1,30,0.5,1019,0.35525024533856725,0.3591756624141315,0.2855740922473013,0.0
ES,UPPER_k1,60,0.5,1019,0.35525024533856725,0.3591756624141315,0.2855740922473013,0.0
ES,UPPER_k1,120,0.5,1019,0.35525024533856725,0.3591756624141315,0.2855740922473013,0.0
ES,UPPER_k2,1,0.5,926,0.35205183585313177,0.32937365010799136,0.2894168466522678,0.029157667386609073
ES,UPPER_k2,2,0.5,926,0.3596112311015119,0.34017278617710583,0.2894168466522678,0.01079913606911447
ES,UPPER_k2,3,0.5,926,0.36069114470842334,0.3444924406047516,0.2894168466522678,0.005399568034557235
ES,UPPER_k2,4,0.5,926,0.36069114470842334,0.34557235421166305,0.2894168466522678,0.004319654427645789
ES,UPPER_k2,5,0.5,926,0.3617710583153348,0.34773218142548595,0.2894168466522678,0.0010799136069114472
ES,UPPER_k2,10,0.5,926,0.3617710583153348,0.34773218142548595,0.2894168466522678,0.0010799136069114472
ES,UPPER_k2,15,0.5,926,0.36285097192224625,0.34773218142548595,0.2894168466522678,0.0
ES,UPPER_k2,20,0.5,926,0.36285097192224625,0.34773218142548595,0.2894168466522678,0.0
ES,UPPER_k2,30,0.5,926,0.36285097192224625,0.34773218142548595,0.2894168466522678,0.0
ES,UPPER_k2,60,0.5,926,0.36285097192224625,0.34773218142548595,0.2894168466522678,0.0
ES,UPPER_k2,120,0.5,926,0.36285097192224625,0.34773218142548595,0.2894168466522678,0.0
ES,UPPER_k3,1,0.5,844,0.33767772511848343,0.35545023696682465,0.278436018957346,0.02843601895734597
ES,UPPER_k3,2,0.5,844,0.3447867298578199,0.36492890995260663,0.278436018957346,0.011848341232227487
ES,UPPER_k3,3,0.5,844,0.3471563981042654,0.3684834123222749,0.278436018957346,0.005924170616113744
ES,UPPER_k3,4,0.5,844,0.3495260663507109,0.3696682464454976,0.278436018957346,0.002369668246445498
ES,UPPER_k3,5,0.5,844,0.35071090047393366,0.3696682464454976,0.278436018957346,0.001184834123222749
ES,UPPER_k3,10,0.5,844,0.35071090047393366,0.3708530805687204,0.278436018957346,0.0
ES,UPPER_k3,15,0.5,844,0.35071090047393366,0.3708530805687204,0.278436018957346,0.0
ES,UPPER_k3,20,0.5,844,0.35071090047393366,0.3708530805687204,0.278436018957346,0.0
ES,UPPER_k3,30,0.5,844,0.35071090047393366,0.3708530805687204,0.278436018957346,0.0
ES,UPPER_k3,60,0.5,844,0.35071090047393366,0.3708530805687204,0.278436018957346,0.0
ES,UPPER_k3,120,0.5,844,0.35071090047393366,0.3708530805687204,0.278436018957346,0.0
NQ,LOWER_k0,1,0.5,1077,0.3268337975858867,0.33147632311977715,0.3361188486536676,0.005571030640668524
NQ,LOWER_k0,2,0.5,1077,0.3305478180129991,0.33147632311977715,0.3361188486536676,0.0018570102135561746
NQ,LOWER_k0,3,0.5,1077,0.33147632311977715,0.33147632311977715,0.3361188486536676,0.0009285051067780873
NQ,LOWER_k0,4,0.5,1077,0.33147632311977715,0.33240482822655526,0.3361188486536676,0.0
NQ,LOWER_k0,5,0.5,1077,0.33147632311977715,0.33240482822655526,0.3361188486536676,0.0
NQ,LOWER_k0,10,0.5,1077,0.33147632311977715,0.33240482822655526,0.3361188486536676,0.0
NQ,LOWER_k0,15,0.5,1077,0.33147632311977715,0.33240482822655526,0.3361188486536676,0.0
NQ,LOWER_k0,20,0.5,1077,0.33147632311977715,0.33240482822655526,0.3361188486536676,0.0
NQ,LOWER_k0,30,0.5,1077,0.33147632311977715,0.33240482822655526,0.3361188486536676,0.0
NQ,LOWER_k0,60,0.5,1077,0.33147632311977715,0.33240482822655526,0.3361188486536676,0.0
NQ,LOWER_k0,120,0.5,1077,0.33147632311977715,0.33240482822655526,0.3361188486536676,0.0
NQ,LOWER_k1,1,0.5,987,0.3242147922998987,0.3191489361702128,0.3434650455927052,0.013171225937183385
NQ,LOWER_k1,2,0.5,987,0.331306990881459,0.3242147922998987,0.3434650455927052,0.0010131712259371835
NQ,LOWER_k1,3,0.5,987,0.331306990881459,0.3252279635258359,0.3434650455927052,0.0
NQ,LOWER_k1,4,0.5,987,0.331306990881459,0.3252279635258359,0.3434650455927052,0.0
NQ,LOWER_k1,5,0.5,987,0.331306990881459,0.3252279635258359,0.3434650455927052,0.0
NQ,LOWER_k1,10,0.5,987,0.331306990881459,0.3252279635258359,0.3434650455927052,0.0
NQ,LOWER_k1,15,0.5,987,0.331306990881459,0.3252279635258359,0.3434650455927052,0.0
NQ,LOWER_k1,20,0.5,987,0.331306990881459,0.3252279635258359,0.3434650455927052,0.0
NQ,LOWER_k1,30,0.5,987,0.331306990881459,0.3252279635258359,0.3434650455927052,0.0
NQ,LOWER_k1,60,0.5,987,0.331306990881459,0.3252279635258359,0.3434650455927052,0.0
NQ,LOWER_k1,120,0.5,987,0.331306990881459,0.3252279635258359,0.3434650455927052,0.0
NQ,LOWER_k2,1,0.5,906,0.3322295805739514,0.3543046357615894,0.2969094922737307,0.016556291390728478
NQ,LOWER_k2,2,0.5,906,0.33885209713024284,0.3598233995584989,0.2969094922737307,0.004415011037527594
NQ,LOWER_k2,3,0.5,906,0.34105960264900664,0.3609271523178808,0.2969094922737307,0.0011037527593818985
NQ,LOWER_k2,4,0.5,906,0.34105960264900664,0.3620309050772627,0.2969094922737307,0.0
NQ,LOWER_k2,5,0.5,906,0.34105960264900664,0.3620309050772627,0.2969094922737307,0.0
NQ,LOWER_k2,10,0.5,906,0.34105960264900664,0.3620309050772627,0.2969094922737307,0.0
NQ,LOWER_k2,15,0.5,906,0.34105960264900664,0.3620309050772627,0.2969094922737307,0.0
NQ,LOWER_k2,20,0.5,906,0.34105960264900664,0.3620309050772627,0.2969094922737307,0.0
NQ,LOWER_k2,30,0.5,906,0.34105960264900664,0.3620309050772627,0.2969094922737307,0.0
NQ,LOWER_k2,60,0.5,906,0.34105960264900664,0.3620309050772627,0.2969094922737307,0.0
NQ,LOWER_k2,120,0.5,906,0.34105960264900664,0.3620309050772627,0.2969094922737307,0.0
NQ,LOWER_k3,1,0.5,829,0.33896260554885405,0.3353437876960193,0.316043425814234,0.009650180940892641
NQ,LOWER_k3,2,0.5,829,0.3413751507840772,0.3365500603136309,0.316043425814234,0.006031363088057901
NQ,LOWER_k3,3,0.5,829,0.34378769601930037,0.33896260554885405,0.316043425814234,0.0012062726176115801
NQ,LOWER_k3,4,0.5,829,0.34499396863691195,0.33896260554885405,0.316043425814234,0.0
NQ,LOWER_k3,5,0.5,829,0.34499396863691195,0.33896260554885405,0.316043425814234,0.0
NQ,LOWER_k3,10,0.5,829,0.34499396863691195,0.33896260554885405,0.316043425814234,0.0
NQ,LOWER_k3,15,0.5,829,0.34499396863691195,0.33896260554885405,0.316043425814234,0.0
NQ,LOWER_k3,20,0.5,829,0.34499396863691195,0.33896260554885405,0.316043425814234,0.0
NQ,LOWER_k3,30,0.5,829,0.34499396863691195,0.33896260554885405,0.316043425814234,0.0
NQ,LOWER_k3,60,0.5,829,0.34499396863691195,0.33896260554885405,0.316043425814234,0.0
NQ,LOWER_k3,120,0.5,829,0.34499396863691195,0.33896260554885405,0.316043425814234,0.0
NQ,UPPER_k0,1,0.5,1103,0.3898458748866727,0.30371713508612874,0.2901178603807797,0.016319129646418858
NQ,UPPER_k0,2,0.5,1103,0.3989120580235721,0.3073436083408885,0.2910244786944696,0.0027198549410698096
NQ,UPPER_k0,3,0.5,1103,0.3989120580235721,0.3082502266545784,0.2910244786944696,0.001813236627379873
NQ,UPPER_k0,4,0.5,1103,0.39981867633726204,0.3082502266545784,0.2910244786944696,0.0009066183136899365
NQ,UPPER_k0,5,0.5,1103,0.39981867633726204,0.3082502266545784,0.2910244786944696,0.0009066183136899365
NQ,UPPER_k0,10,0.5,1103,0.39981867633726204,0.3082502266545784,0.2910244786944696,0.0009066183136899365
NQ,UPPER_k0,15,0.5,1103,0.39981867633726204,0.3082502266545784,0.2910244786944696,0.0009066183136899365
NQ,UPPER_k0,20,0.5,1103,0.39981867633726204,0.30915684496826834,0.2910244786944696,0.0
NQ,UPPER_k0,30,0.5,1103,0.39981867633726204,0.30915684496826834,0.2910244786944696,0.0
NQ,UPPER_k0,60,0.5,1103,0.39981867633726204,0.30915684496826834,0.2910244786944696,0.0
NQ,UPPER_k0,120,0.5,1103,0.39981867633726204,0.30915684496826834,0.2910244786944696,0.0
NQ,UPPER_k1,1,0.5,1013,0.368213228035538,0.3109575518262586,0.29220138203356366,0.028627838104639685
NQ,UPPER_k1,2,0.5,1013,0.3770977295162882,0.3198420533070089,0.29318854886475815,0.009871668311944718
NQ,UPPER_k1,3,0.5,1013,0.3810463968410661,0.32082922013820336,0.29318854886475815,0.004935834155972359
NQ,UPPER_k1,4,0.5,1013,0.3840078973346496,0.32082922013820336,0.29318854886475815,0.0019743336623889436
NQ,UPPER_k1,5,0.5,1013,0.3840078973346496,0.32082922013820336,0.29318854886475815,0.0019743336623889436
NQ,UPPER_k1,10,0.5,1013,0.384995064165844,0.32082922013820336,0.29318854886475815,0.0009871668311944718
NQ,UPPER_k1,15,0.5,1013,0.3859822309970385,0.32082922013820336,0.29318854886475815,0.0
NQ,UPPER_k1,20,0.5,1013,0.3859822309970385,0.32082922013820336,0.29318854886475815,0.0
NQ,UPPER_k1,30,0.5,1013,0.3859822309970385,0.32082922013820336,0.29318854886475815,0.0
NQ,UPPER_k1,60,0.5,1013,0.3859822309970385,0.32082922013820336,0.29318854886475815,0.0
NQ,UPPER_k1,120,0.5,1013,0.3859822309970385,0.32082922013820336,0.29318854886475815,0.0
NQ,UPPER_k2,1,0.5,911,0.3567508232711306,0.32821075740944017,0.2678375411635565,0.04720087815587267
NQ,UPPER_k2,2,0.5,911,0.3732162458836443,0.3468715697036224,0.2689352360043908,0.010976948408342482
NQ,UPPER_k2,3,0.5,911,0.3787047200878156,0.35016465422612514,0.2689352360043908,0.0021953896816684962
NQ,UPPER_k2,4,0.5,911,0.3787047200878156,0.35016465422612514,0.2689352360043908,0.0021953896816684962
NQ,UPPER_k2,5,0.5,911,0.37980241492864986,0.35016465422612514,0.2689352360043908,0.0010976948408342481
NQ,UPPER_k2,10,0.5,911,0.37980241492864986,0.3512623490669594,0.2689352360043908,0.0
NQ,UPPER_k2,15,0.5,911,0.37980241492864986,0.3512623490669594,0.2689352360043908,0.0
NQ,UPPER_k2,20,0.5,911,0.37980241492864986,0.3512623490669594,0.2689352360043908,0.0
NQ,UPPER_k2,30,0.5,911,0.37980241492864986,0.3512623490669594,0.2689352360043908,0.0
NQ,UPPER_k2,60,0.5,911,0.37980241492864986,0.3512623490669594,0.2689352360043908,0.0
NQ,UPPER_k2,120,0.5,911,0.37980241492864986,0.3512623490669594,0.2689352360043908,0.0
NQ,UPPER_k3,1,0.5,826,0.35714285714285715,0.32082324455205813,0.2784503631961259,0.043583535108958835
NQ,UPPER_k3,2,0.5,826,0.3668280871670702,0.3389830508474576,0.2796610169491525,0.014527845036319613
NQ,UPPER_k3,3,0.5,826,0.3704600484261501,0.34261501210653755,0.2796610169491525,0.007263922518159807
NQ,UPPER_k3,4,0.5,826,0.37167070217917675,0.34382566585956414,0.2796610169491525,0.004842615012106538
NQ,UPPER_k3,5,0.5,826,0.37167070217917675,0.34382566585956414,0.2796610169491525,0.004842615012106538
NQ,UPPER_k3,10,0.5,826,0.37530266343825663,0.34382566585956414,0.2796610169491525,0.0012106537530266344
NQ,UPPER_k3,15,0.5,826,0.3765133171912833,0.34382566585956414,0.2796610169491525,0.0
NQ,UPPER_k3,20,0.5,826,0.3765133171912833,0.34382566585956414,0.2796610169491525,0.0
NQ,UPPER_k3,30,0.5,826,0.3765133171912833,0.34382566585956414,0.2796610169491525,0.0
NQ,UPPER_k3,60,0.5,826,0.3765133171912833,0.34382566585956414,0.2796610169491525,0.0
NQ,UPPER_k3,120,0.5,826,0.3765133171912833,0.34382566585956414,0.2796610169491525,0.0
ES,LOWER_k0,1,1.0,1086,0.3692449355432781,0.3747697974217311,0.13904235727440148,0.11694290976058933
ES,LOWER_k0,2,1.0,1086,0.40331491712707185,0.40515653775322286,0.1408839779005525,0.05064456721915286
ES,LOWER_k0,3,1.0,1086,0.4134438305709024,0.4180478821362799,0.1408839779005525,0.027624309392265192
ES,LOWER_k0,4,1.0,1086,0.4180478821362799,0.425414364640884,0.141804788213628,0.014732965009208104
ES,LOWER_k0,5,1.0,1086,0.42173112338858193,0.4281767955801105,0.141804788213628,0.008287292817679558
ES,LOWER_k0,10,1.0,1086,0.425414364640884,0.4300184162062615,0.141804788213628,0.0027624309392265192
ES,LOWER_k0,15,1.0,1086,0.425414364640884,0.4300184162062615,0.141804788213628,0.0027624309392265192
ES,LOWER_k0,20,1.0,1086,0.425414364640884,0.4300184162062615,0.141804788213628,0.0027624309392265192
ES,LOWER_k0,30,1.0,1086,0.427255985267035,0.430939226519337,0.141804788213628,0.0
ES,LOWER_k0,60,1.0,1086,0.427255985267035,0.430939226519337,0.141804788213628,0.0
ES,LOWER_k0,120,1.0,1086,0.427255985267035,0.430939226519337,0.141804788213628,0.0
ES,LOWER_k1,1,1.0,1006,0.38071570576540753,0.3687872763419483,0.13618290258449303,0.1143141153081511
ES,LOWER_k1,2,1.0,1006,0.4135188866799205,0.40457256461232605,0.13817097415506957,0.0437375745526839
ES,LOWER_k1,3,1.0,1006,0.42147117296222664,0.4105367793240557,0.13817097415506957,0.02982107355864811
ES,LOWER_k1,4,1.0,1006,0.4234592445328032,0.41848906560636184,0.13817097415506957,0.019880715705765408
ES,LOWER_k1,5,1.0,1006,0.4254473161033797,0.4224652087475149,0.13817097415506957,0.013916500994035786
ES,LOWER_k1,10,1.0,1006,0.43141153081510936,0.4284294234592445,0.13817097415506957,0.0019880715705765406
ES,LOWER_k1,15,1.0,1006,0.43141153081510936,0.4294234592445328,0.13817097415506957,0.0009940357852882703
ES,LOWER_k1,20,1.0,1006,0.43141153081510936,0.4304174950298211,0.13817097415506957,0.0
ES,LOWER_k1,30,1.0,1006,0.43141153081510936,0.4304174950298211,0.13817097415506957,0.0
ES,LOWER_k1,60,1.0,1006,0.43141153081510936,0.4304174950298211,0.13817097415506957,0.0
ES,LOWER_k1,120,1.0,1006,0.43141153081510936,0.4304174950298211,0.13817097415506957,0.0
ES,LOWER_k2,1,1.0,923,0.3391115926327194,0.38353196099674974,0.14301191765980498,0.13434452871072589
ES,LOWER_k2,2,1.0,923,0.37919826652221017,0.42145178764897073,0.14517876489707476,0.05417118093174431
ES,LOWER_k2,3,1.0,923,0.39111592632719394,0.4333694474539545,0.14517876489707476,0.030335861321776816
ES,LOWER_k2,4,1.0,923,0.39653304442036835,0.4409534127843987,0.14517876489707476,0.01733477789815818
ES,LOWER_k2,5,1.0,923,0.39869989165763814,0.4420368364030336,0.14517876489707476,0.014084507042253521
ES,LOWER_k2,10,1.0,923,0.40628385698808234,0.4463705308775731,0.14517876489707476,0.0021668472372697724
ES,LOWER_k2,15,1.0,923,0.40628385698808234,0.447453954496208,0.14517876489707476,0.0010834236186348862
ES,LOWER_k2,20,1.0,923,0.40628385698808234,0.4485373781148429,0.14517876489707476,0.0
ES,LOWER_k2,30,1.0,923,0.40628385698808234,0.4485373781148429,0.14517876489707476,0.0
ES,LOWER_k2,60,1.0,923,0.40628385698808234,0.4485373781148429,0.14517876489707476,0.0
ES,LOWER_k2,120,1.0,923,0.40628385698808234,0.4485373781148429,0.14517876489707476,0.0
ES,LOWER_k3,1,1.0,854,0.3442622950819672,0.3875878220140515,0.14168618266978922,0.12646370023419204
ES,LOWER_k3,2,1.0,854,0.3770491803278688,0.4203747072599532,0.14754098360655737,0.05503512880562061
ES,LOWER_k3,3,1.0,854,0.38875878220140514,0.4344262295081967,0.14754098360655737,0.02927400468384075
ES,LOWER_k3,4,1.0,854,0.40046838407494145,0.44379391100702575,0.14754098360655737,0.00819672131147541
ES,LOWER_k3,5,1.0,854,0.4028103044496487,0.44730679156908665,0.14754098360655737,0.00234192037470726
ES,LOWER_k3,10,1.0,854,0.4028103044496487,0.4496487119437939,0.14754098360655737,0.0
ES,LOWER_k3,15,1.0,854,0.4028103044496487,0.4496487119437939,0.14754098360655737,0.0
ES,LOWER_k3,20,1.0,854,0.4028103044496487,0.4496487119437939,0.14754098360655737,0.0
ES,LOWER_k3,30,1.0,854,0.4028103044496487,0.4496487119437939,0.14754098360655737,0.0
ES,LOWER_k3,60,1.0,854,0.4028103044496487,0.4496487119437939,0.14754098360655737,0.0
ES,LOWER_k3,120,1.0,854,0.4028103044496487,0.4496487119437939,0.14754098360655737,0.0
ES,UPPER_k0,1,1.0,1110,0.38828828828828826,0.36126126126126124,0.11531531531531532,0.13513513513513514
ES,UPPER_k0,2,1.0,1110,0.4297297297297297,0.3918918918918919,0.11801801801801802,0.06036036036036036
ES,UPPER_k0,3,1.0,1110,0.4423423423423423,0.40540540540540543,0.11801801801801802,0.03423423423423423
ES,UPPER_k0,4,1.0,1110,0.4486486486486487,0.4126126126126126,0.11801801801801802,0.02072072072072072
ES,UPPER_k0,5,1.0,1110,0.45135135135135135,0.41711711711711713,0.11801801801801802,0.013513513513513514
ES,UPPER_k0,10,1.0,1110,0.45855855855855854,0.42162162162162165,0.11801801801801802,0.0018018018018018018
ES,UPPER_k0,15,1.0,1110,0.45855855855855854,0.42342342342342343,0.11801801801801802,0.0
ES,UPPER_k0,20,1.0,1110,0.45855855855855854,0.42342342342342343,0.11801801801801802,0.0
ES,UPPER_k0,30,1.0,1110,0.45855855855855854,0.42342342342342343,0.11801801801801802,0.0
ES,UPPER_k0,60,1.0,1110,0.45855855855855854,0.42342342342342343,0.11801801801801802,0.0
ES,UPPER_k0,120,1.0,1110,0.45855855855855854,0.42342342342342343,0.11801801801801802,0.0
ES,UPPER_k1,1,1.0,1019,0.37389597644749756,0.34445534838076547,0.1099116781157998,0.1717369970559372
ES,UPPER_k1,2,1.0,1019,0.41609421000981356,0.380765456329735,0.11383709519136408,0.08930323846908735
ES,UPPER_k1,3,1.0,1019,0.43768400392541706,0.3994111874386654,0.11579980372914622,0.047105004906771344
ES,UPPER_k1,4,1.0,1019,0.4445534838076546,0.4052993130520118,0.11579980372914622,0.03434739941118744
ES,UPPER_k1,5,1.0,1019,0.4474975466143278,0.40922473012757604,0.11579980372914622,0.02747791952894995
ES,UPPER_k1,10,1.0,1019,0.45436702649656524,0.42198233562315995,0.11579980372914622,0.007850834151128557
ES,UPPER_k1,15,1.0,1019,0.4563297350343474,0.4259077526987242,0.11579980372914622,0.001962708537782139
ES,UPPER_k1,20,1.0,1019,0.4573110893032385,0.4259077526987242,0.11579980372914622,0.0009813542688910696
ES,UPPER_k1,30,1.0,1019,0.4573110893032385,0.4259077526987242,0.11579980372914622,0.0009813542688910696
ES,UPPER_k1,60,1.0,1019,0.45829244357212956,0.4259077526987242,0.11579980372914622,0.0
ES,UPPER_k1,120,1.0,1019,0.45829244357212956,0.4259077526987242,0.11579980372914622,0.0
ES,UPPER_k2,1,1.0,926,0.3617710583153348,0.32721382289416845,0.10151187904967603,0.20950323974082075
ES,UPPER_k2,2,1.0,926,0.41252699784017277,0.3693304535637149,0.10367170626349892,0.11447084233261338
ES,UPPER_k2,3,1.0,926,0.43952483801295894,0.38444924406047515,0.10367170626349892,0.07235421166306695
ES,UPPER_k2,4,1.0,926,0.4503239740820734,0.39956803455723544,0.10367170626349892,0.04643628509719223
ES,UPPER_k2,5,1.0,926,0.4557235421166307,0.4103671706263499,0.10367170626349892,0.03023758099352052
ES,UPPER_k2,10,1.0,926,0.4632829373650108,0.42116630669546434,0.10367170626349892,0.011879049676025918
ES,UPPER_k2,15,1.0,926,0.46760259179265656,0.42332613390928725,0.10367170626349892,0.005399568034557235
ES,UPPER_k2,20,1.0,926,0.4708423326133909,0.4244060475161987,0.10367170626349892,0.0010799136069114472
ES,UPPER_k2,30,1.0,926,0.4708423326133909,0.42548596112311016,0.10367170626349892,0.0
ES,UPPER_k2,60,1.0,926,0.4708423326133909,0.42548596112311016,0.10367170626349892,0.0
ES,UPPER_k2,120,1.0,926,0.4708423326133909,0.42548596112311016,0.10367170626349892,0.0
ES,UPPER_k3,1,1.0,844,0.3590047393364929,0.34834123222748814,0.11018957345971564,0.18246445497630331
ES,UPPER_k3,2,1.0,844,0.3921800947867299,0.3957345971563981,0.11137440758293839,0.10071090047393365
ES,UPPER_k3,3,1.0,844,0.41232227488151657,0.41824644549763035,0.11255924170616113,0.05687203791469194
ES,UPPER_k3,4,1.0,844,0.4194312796208531,0.42417061611374407,0.11255924170616113,0.04383886255924171
ES,UPPER_k3,5,1.0,844,0.4265402843601896,0.43364928909952605,0.11255924170616113,0.027251184834123223
ES,UPPER_k3,10,1.0,844,0.43601895734597157,0.43838862559241704,0.11255924170616113,0.013033175355450236
ES,UPPER_k3,15,1.0,844,0.4372037914691943,0.4431279620853081,0.11255924170616113,0.0071090047393364926
ES,UPPER_k3,20,1.0,844,0.44075829383886256,0.4443127962085308,0.11255924170616113,0.002369668246445498
ES,UPPER_k3,30,1.0,844,0.44075829383886256,0.4466824644549763,0.11255924170616113,0.0
ES,UPPER_k3,60,1.0,844,0.44075829383886256,0.4466824644549763,0.11255924170616113,0.0
ES,UPPER_k3,120,1.0,844,0.44075829383886256,0.4466824644549763,0.11255924170616113,0.0
NQ,LOWER_k0,1,1.0,1077,0.3816155988857939,0.3853296193129062,0.13649025069637882,0.09656453110492108
NQ,LOWER_k0,2,1.0,1077,0.4113277623026927,0.41875580315691735,0.13649025069637882,0.033426183844011144
NQ,LOWER_k0,3,1.0,1077,0.4168987929433612,0.4271123491179202,0.13649025069637882,0.019498607242339833
NQ,LOWER_k0,4,1.0,1077,0.41875580315691735,0.43175487465181056,0.13649025069637882,0.012999071494893221
NQ,LOWER_k0,5,1.0,1077,0.4206128133704735,0.4336118848653668,0.13649025069637882,0.009285051067780872
NQ,LOWER_k0,10,1.0,1077,0.4215413184772516,0.4373259052924791,0.13649025069637882,0.004642525533890436
NQ,LOWER_k0,15,1.0,1077,0.4215413184772516,0.4382544103992572,0.13649025069637882,0.003714020427112349
NQ,LOWER_k0,20,1.0,1077,0.42246982358402974,0.4391829155060353,0.13649025069637882,0.0018570102135561746
NQ,LOWER_k0,30,1.0,1077,0.42246982358402974,0.4401114206128134,0.13649025069637882,0.0009285051067780873
NQ,LOWER_k0,60,1.0,1077,0.42246982358402974,0.44103992571959144,0.13649025069637882,0.0
NQ,LOWER_k0,120,1.0,1077,0.42246982358402974,0.44103992571959144,0.13649025069637882,0.0
NQ,LOWER_k1,1,1.0,987,0.3708206686930091,0.3718338399189463,0.1398176291793313,0.11752786220871327
NQ,LOWER_k1,2,1.0,987,0.40425531914893614,0.4012158054711246,0.14387031408308004,0.05065856129685917
NQ,LOWER_k1,3,1.0,987,0.41641337386018235,0.41236068895643363,0.14387031408308004,0.02735562310030395
NQ,LOWER_k1,4,1.0,987,0.4194528875379939,0.4194528875379939,0.14387031408308004,0.017223910840932118
NQ,LOWER_k1,5,1.0,987,0.4214792299898683,0.4214792299898683,0.14387031408308004,0.013171225937183385
NQ,LOWER_k1,10,1.0,987,0.42451874366767983,0.4265450861195542,0.14387031408308004,0.005065856129685917
NQ,LOWER_k1,15,1.0,987,0.425531914893617,0.42857142857142855,0.14387031408308004,0.002026342451874367
NQ,LOWER_k1,20,1.0,987,0.425531914893617,0.42857142857142855,0.14387031408308004,0.002026342451874367
NQ,LOWER_k1,30,1.0,987,0.425531914893617,0.43059777102330293,0.14387031408308004,0.0
NQ,LOWER_k1,60,1.0,987,0.425531914893617,0.43059777102330293,0.14387031408308004,0.0
NQ,LOWER_k1,120,1.0,987,0.425531914893617,0.43059777102330293,0.14387031408308004,0.0
NQ,LOWER_k2,1,1.0,906,0.37527593818984545,0.38631346578366443,0.11810154525386314,0.12030905077262694
NQ,LOWER_k2,2,1.0,906,0.41280353200883,0.4227373068432671,0.11920529801324503,0.04525386313465784
NQ,LOWER_k2,3,1.0,906,0.4249448123620309,0.42935982339955847,0.12030905077262694,0.025386313465783666
NQ,LOWER_k2,4,1.0,906,0.4282560706401766,0.4381898454746137,0.12030905077262694,0.013245033112582781
NQ,LOWER_k2,5,1.0,906,0.42935982339955847,0.4392935982339956,0.12030905077262694,0.011037527593818985
NQ,LOWER_k2,10,1.0,906,0.434878587196468,0.44150110375275936,0.12030905077262694,0.0033112582781456954
NQ,LOWER_k2,15,1.0,906,0.4359823399558499,0.44370860927152317,0.12030905077262694,0.0
NQ,LOWER_k2,20,1.0,906,0.4359823399558499,0.44370860927152317,0.12030905077262694,0.0
NQ,LOWER_k2,30,1.0,906,0.4359823399558499,0.44370860927152317,0.12030905077262694,0.0
NQ,LOWER_k2,60,1.0,906,0.4359823399558499,0.44370860927152317,0.12030905077262694,0.0
NQ,LOWER_k2,120,1.0,906,0.4359823399558499,0.44370860927152317,0.12030905077262694,0.0
NQ,LOWER_k3,1,1.0,829,0.37394451145958985,0.3703256936067551,0.10615199034981906,0.14957780458383596
NQ,LOWER_k3,2,1.0,829,0.41978287092882993,0.4149577804583836,0.1097708082026538,0.05548854041013269
NQ,LOWER_k3,3,1.0,829,0.43546441495778043,0.4221954161640531,0.11097708082026538,0.031363088057901084
NQ,LOWER_k3,4,1.0,829,0.44028950542822676,0.43184559710494574,0.11097708082026538,0.016887816646562123
NQ,LOWER_k3,5,1.0,829,0.4439083232810615,0.4378769601930036,0.11097708082026538,0.007237635705669481
NQ,LOWER_k3,10,1.0,829,0.4451145958986731,0.44149577804583834,0.11097708082026538,0.0024125452352231603
NQ,LOWER_k3,15,1.0,829,0.44632086851628466,0.44149577804583834,0.11097708082026538,0.0012062726176115801
NQ,LOWER_k3,20,1.0,829,0.44632086851628466,0.44149577804583834,0.11097708082026538,0.0012062726176115801
NQ,LOWER_k3,30,1.0,829,0.44632086851628466,0.4427020506634499,0.11097708082026538,0.0
NQ,LOWER_k3,60,1.0,829,0.44632086851628466,0.4427020506634499,0.11097708082026538,0.0
NQ,LOWER_k3,120,1.0,829,0.44632086851628466,0.4427020506634499,0.11097708082026538,0.0
NQ,UPPER_k0,1,1.0,1103,0.40616500453309157,0.329102447869447,0.1214868540344515,0.14324569356300998
NQ,UPPER_k0,2,1.0,1103,0.45058930190389845,0.36627379873073435,0.12330009066183137,0.05983680870353581
NQ,UPPER_k0,3,1.0,1103,0.4669084315503173,0.3744333635539438,0.12330009066183137,0.03535811423390753
NQ,UPPER_k0,4,1.0,1103,0.4768812330009066,0.3798730734360834,0.12330009066183137,0.019945602901178604
NQ,UPPER_k0,5,1.0,1103,0.4786944696282865,0.3825929283771532,0.12330009066183137,0.015412511332728921
NQ,UPPER_k0,10,1.0,1103,0.4841341795104261,0.3898458748866727,0.12330009066183137,0.0027198549410698096
NQ,UPPER_k0,15,1.0,1103,0.4841341795104261,0.39075249320036265,0.12330009066183137,0.001813236627379873
NQ,UPPER_k0,20,1.0,1103,0.485040797824116,0.3916591115140526,0.12330009066183137,0.0
NQ,UPPER_k0,30,1.0,1103,0.485040797824116,0.3916591115140526,0.12330009066183137,0.0
NQ,UPPER_k0,60,1.0,1103,0.485040797824116,0.3916591115140526,0.12330009066183137,0.0
NQ,UPPER_k0,120,1.0,1103,0.485040797824116,0.3916591115140526,0.12330009066183137,0.0
NQ,UPPER_k1,1,1.0,1013,0.3859822309970385,0.3415597235932873,0.09674234945705824,0.175715695952616
NQ,UPPER_k1,2,1.0,1013,0.42744323790720634,0.3741362290227048,0.10069101678183613,0.09772951628825272
NQ,UPPER_k1,3,1.0,1013,0.4471865745310958,0.39387956564659427,0.10069101678183613,0.05824284304047384
NQ,UPPER_k1,4,1.0,1013,0.45409674234945707,0.40473840078973344,0.10069101678183613,0.040473840078973346
NQ,UPPER_k1,5,1.0,1013,0.4629812438302073,0.4067127344521224,0.10069101678183613,0.029615004935834157
NQ,UPPER_k1,10,1.0,1013,0.47186574531095754,0.41954590325765057,0.10069101678183613,0.007897334649555774
NQ,UPPER_k1,15,1.0,1013,0.472852912142152,0.42250740375123397,0.10069101678183613,0.003948667324777887
NQ,UPPER_k1,20,1.0,1013,0.4738400789733465,0.42349457058242845,0.10069101678183613,0.0019743336623889436
NQ,UPPER_k1,30,1.0,1013,0.47581441263573543,0.42349457058242845,0.10069101678183613,0.0
NQ,UPPER_k1,60,1.0,1013,0.47581441263573543,0.42349457058242845,0.10069101678183613,0.0
NQ,UPPER_k1,120,1.0,1013,0.47581441263573543,0.42349457058242845,0.10069101678183613,0.0
NQ,UPPER_k2,1,1.0,911,0.35016465422612514,0.32930845225027444,0.09001097694840834,0.2305159165751921
NQ,UPPER_k2,2,1.0,911,0.4270032930845225,0.36663007683863885,0.09001097694840834,0.1163556531284303
NQ,UPPER_k2,3,1.0,911,0.446761800219539,0.3918770581778266,0.09001097694840834,0.07135016465422613
NQ,UPPER_k2,4,1.0,911,0.4566410537870472,0.4039517014270033,0.09001097694840834,0.04939626783754116
NQ,UPPER_k2,5,1.0,911,0.4643249176728869,0.407244785949506,0.09001097694840834,0.038419319429198684
NQ,UPPER_k2,10,1.0,911,0.47530186608122943,0.42371020856201974,0.09001097694840834,0.010976948408342482
NQ,UPPER_k2,15,1.0,911,0.4796926454445664,0.424807903402854,0.09001097694840834,0.005488474204171241
NQ,UPPER_k2,20,1.0,911,0.4818880351262349,0.42590559824368823,0.09001097694840834,0.0021953896816684962
NQ,UPPER_k2,30,1.0,911,0.4829857299670692,0.42590559824368823,0.09001097694840834,0.0010976948408342481
NQ,UPPER_k2,60,1.0,911,0.4840834248079034,0.42590559824368823,0.09001097694840834,0.0
NQ,UPPER_k2,120,1.0,911,0.4840834248079034,0.42590559824368823,0.09001097694840834,0.0
NQ,UPPER_k3,1,1.0,826,0.3498789346246973,0.3075060532687651,0.08353510895883777,0.25907990314769974
NQ,UPPER_k3,2,1.0,826,0.39709443099273606,0.37772397094430993,0.08716707021791767,0.13801452784503632
NQ,UPPER_k3,3,1.0,826,0.42493946731234866,0.400726392251816,0.08958837772397095,0.0847457627118644
NQ,UPPER_k3,4,1.0,826,0.4322033898305085,0.4116222760290557,0.08958837772397095,0.06658595641646489
NQ,UPPER_k3,5,1.0,826,0.43825665859564167,0.41767554479418884,0.08958837772397095,0.05447941888619855
NQ,UPPER_k3,10,1.0,826,0.45278450363196127,0.4406779661016949,0.08958837772397095,0.01694915254237288
NQ,UPPER_k3,15,1.0,826,0.4552058111380145,0.44794188861985473,0.08958837772397095,0.007263922518159807
NQ,UPPER_k3,20,1.0,826,0.4576271186440678,0.4491525423728814,0.08958837772397095,0.0036319612590799033
NQ,UPPER_k3,30,1.0,826,0.4576271186440678,0.45278450363196127,0.08958837772397095,0.0
NQ,UPPER_k3,60,1.0,826,0.4576271186440678,0.45278450363196127,0.08958837772397095,0.0
NQ,UPPER_k3,120,1.0,826,0.4576271186440678,0.45278450363196127,0.08958837772397095,0.0
ES,LOWER_k0,1,2.0,1086,0.26795580110497236,0.2918968692449355,0.02578268876611418,0.4143646408839779
ES,LOWER_k0,2,2.0,1086,0.3370165745856354,0.36095764272559855,0.027624309392265192,0.27440147329650094
ES,LOWER_k0,3,2.0,1086,0.3729281767955801,0.3996316758747698,0.027624309392265192,0.1998158379373849
ES,LOWER_k0,4,2.0,1086,0.39318600368324125,0.4263351749539595,0.027624309392265192,0.15285451197053407
ES,LOWER_k0,5,2.0,1086,0.40331491712707185,0.4419889502762431,0.027624309392265192,0.1270718232044199
ES,LOWER_k0,10,2.0,1086,0.43646408839779005,0.4880294659300184,0.027624309392265192,0.04788213627992634
ES,LOWER_k0,15,2.0,1086,0.44751381215469616,0.501841620626151,0.027624309392265192,0.02302025782688766
ES,LOWER_k0,20,2.0,1086,0.44843462246777166,0.5082872928176796,0.027624309392265192,0.01565377532228361
ES,LOWER_k0,30,2.0,1086,0.4539594843462247,0.5119705340699816,0.027624309392265192,0.006445672191528545
ES,LOWER_k0,60,2.0,1086,0.4567219152854512,0.5138121546961326,0.027624309392265192,0.001841620626151013
ES,LOWER_k0,120,2.0,1086,0.4576427255985267,0.5147329650092081,0.027624309392265192,0.0
ES,LOWER_k1,1,2.0,1006,0.2673956262425447,0.2554671968190855,0.027833001988071572,0.44930417495029823
ES,LOWER_k1,2,2.0,1006,0.34393638170974156,0.3230616302186879,0.027833001988071572,0.305168986083499
ES,LOWER_k1,3,2.0,1006,0.38469184890656066,0.3687872763419483,0.02882703777335984,0.21769383697813122
ES,LOWER_k1,4,2.0,1006,0.41451292246520877,0.38866799204771374,0.02882703777335984,0.1679920477137177
ES,LOWER_k1,5,2.0,1006,0.4304174950298211,0.4085487077534791,0.02882703777335984,0.13220675944333996
ES,LOWER_k1,10,2.0,1006,0.4691848906560636,0.44831013916500995,0.02882703777335984,0.0536779324055666
ES,LOWER_k1,15,2.0,1006,0.48111332007952284,0.46322067594433397,0.02882703777335984,0.0268389662027833
ES,LOWER_k1,20,2.0,1006,0.4850894632206759,0.4691848906560636,0.02882703777335984,0.016898608349900597
ES,LOWER_k1,30,2.0,1006,0.48807157057654077,0.474155069582505,0.02882703777335984,0.008946322067594433
ES,LOWER_k1,60,2.0,1006,0.49204771371769385,0.4761431411530815,0.02882703777335984,0.002982107355864811
ES,LOWER_k1,120,2.0,1006,0.49304174950298213,0.47813121272365805,0.02882703777335984,0.0
ES,LOWER_k2,1,2.0,923,0.2372697724810401,0.26652221018418204,0.032502708559046585,0.4637053087757313
ES,LOWER_k2,2,2.0,923,0.3076923076923077,0.3434452871072589,0.03358613217768147,0.3152762730227519
ES,LOWER_k2,3,2.0,923,0.3466955579631636,0.3781148429035753,0.03358613217768147,0.24160346695557963
ES,LOWER_k2,4,2.0,923,0.3781148429035753,0.4225352112676056,0.03358613217768147,0.1657638136511376
ES,LOWER_k2,5,2.0,923,0.39003250270855905,0.4420368364030336,0.03358613217768147,0.13434452871072589
ES,LOWER_k2,10,2.0,923,0.43661971830985913,0.4788732394366197,0.03358613217768147,0.050920910075839654
ES,LOWER_k2,15,2.0,923,0.4496208017334778,0.49404117009750814,0.03358613217768147,0.02275189599133261
ES,LOWER_k2,20,2.0,923,0.4517876489707476,0.5005417118093174,0.03358613217768147,0.014084507042253521
ES,LOWER_k2,30,2.0,923,0.457204767063922,0.5059588299024919,0.03358613217768147,0.0032502708559046588
ES,LOWER_k2,60,2.0,923,0.4582881906825569,0.5070422535211268,0.03358613217768147,0.0010834236186348862
ES,LOWER_k2,120,2.0,923,0.4582881906825569,0.5081256771397616,0.03358613217768147,0.0
ES,LOWER_k3,1,2.0,854,0.22833723653395785,0.2693208430913349,0.02459016393442623,0.477751756440281
ES,LOWER_k3,2,2.0,854,0.2939110070257611,0.3477751756440281,0.02459016393442623,0.3337236533957845
ES,LOWER_k3,3,2.0,854,0.33021077283372363,0.3992974238875878,0.02459016393442623,0.2459016393442623
ES,LOWER_k3,4,2.0,854,0.3618266978922717,0.4332552693208431,0.02459016393442623,0.18032786885245902
ES,LOWER_k3,5,2.0,854,0.382903981264637,0.4672131147540984,0.02459016393442623,0.1252927400468384
ES,LOWER_k3,10,2.0,854,0.4180327868852459,0.5046838407494145,0.02459016393442623,0.05269320843091335
ES,LOWER_k3,15,2.0,854,0.4309133489461358,0.5199063231850117,0.02459016393442623,0.02459016393442623
ES,LOWER_k3,20,2.0,854,0.43559718969555034,0.5269320843091335,0.02459016393442623,0.01288056206088993
ES,LOWER_k3,30,2.0,854,0.4379391100702576,0.5292740046838408,0.02459016393442623,0.00819672131147541
ES,LOWER_k3,60,2.0,854,0.4426229508196721,0.531615925058548,0.02459016393442623,0.00117096018735363
ES,LOWER_k3,120,2.0,854,0.4426229508196721,0.531615925058548,0.02459016393442623,0.00117096018735363
ES,UPPER_k0,1,2.0,1110,0.26846846846846845,0.26846846846846845,0.018018018018018018,0.44504504504504505
ES,UPPER_k0,2,2.0,1110,0.34144144144144145,0.34684684684684686,0.01981981981981982,0.2918918918918919
ES,UPPER_k0,3,2.0,1110,0.3855855855855856,0.38828828828828826,0.01981981981981982,0.2063063063063063
ES,UPPER_k0,4,2.0,1110,0.4144144144144144,0.41621621621621624,0.01981981981981982,0.14954954954954955
ES,UPPER_k0,5,2.0,1110,0.43243243243243246,0.42702702702702705,0.01981981981981982,0.12072072072072072
ES,UPPER_k0,10,2.0,1110,0.46216216216216216,0.4603603603603604,0.01981981981981982,0.05765765765765766
ES,UPPER_k0,15,2.0,1110,0.47387387387387386,0.47297297297297297,0.02072072072072072,0.032432432432432434
ES,UPPER_k0,20,2.0,1110,0.4756756756756757,0.4810810810810811,0.02072072072072072,0.02252252252252252
ES,UPPER_k0,30,2.0,1110,0.481981981981982,0.4828828828828829,0.02072072072072072,0.014414414414414415
ES,UPPER_k0,60,2.0,1110,0.4882882882882883,0.4864864864864865,0.02072072072072072,0.0045045045045045045
ES,UPPER_k0,120,2.0,1110,0.49099099099099097,0.4882882882882883,0.02072072072072072,0.0
ES,UPPER_k1,1,2.0,1019,0.2296368989205103,0.22865554465161925,0.012757605495583905,0.5289499509322866
ES,UPPER_k1,2,2.0,1019,0.3120706575073602,0.3140333660451423,0.012757605495583905,0.36113837095191365
ES,UPPER_k1,3,2.0,1019,0.3650637880274779,0.3591756624141315,0.012757605495583905,0.26300294406280667
ES,UPPER_k1,4,2.0,1019,0.39352306182531893,0.3788027477919529,0.012757605495583905,0.21491658488714427
ES,UPPER_k1,5,2.0,1019,0.4102060843964671,0.39646712463199213,0.012757605495583905,0.18056918547595682
ES,UPPER_k1,10,2.0,1019,0.4631992149165849,0.44259077526987245,0.013738959764474975,0.08047105004906771
ES,UPPER_k1,15,2.0,1019,0.48380765456329733,0.4553483807654563,0.013738959764474975,0.047105004906771344
ES,UPPER_k1,20,2.0,1019,0.4887144259077527,0.4661432777232581,0.013738959764474975,0.03140333660451423
ES,UPPER_k1,30,2.0,1019,0.4955839057899902,0.47203140333660454,0.013738959764474975,0.018645731108930325
ES,UPPER_k1,60,2.0,1019,0.5034347399411188,0.47791952894995093,0.013738959764474975,0.004906771344455349
ES,UPPER_k1,120,2.0,1019,0.5063788027477919,0.478900883218842,0.013738959764474975,0.0009813542688910696
ES,UPPER_k2,1,2.0,926,0.22462203023758098,0.21274298056155508,0.012958963282937365,0.5496760259179265
ES,UPPER_k2,2,2.0,926,0.3002159827213823,0.27213822894168466,0.01511879049676026,0.41252699784017277
ES,UPPER_k2,3,2.0,926,0.3466522678185745,0.3282937365010799,0.01511879049676026,0.3099352051835853
ES,UPPER_k2,4,2.0,926,0.3779697624190065,0.35205183585313177,0.016198704103671708,0.25377969762419006
ES,UPPER_k2,5,2.0,926,0.39740820734341253,0.37365010799136067,0.016198704103671708,0.21274298056155508
ES,UPPER_k2,10,2.0,926,0.458963282937365,0.4200863930885529,0.016198704103671708,0.10475161987041037
ES,UPPER_k2,15,2.0,926,0.4773218142548596,0.44168466522678185,0.016198704103671708,0.06479481641468683
ES,UPPER_k2,20,2.0,926,0.48812095032397407,0.45464362850971923,0.016198704103671708,0.04103671706263499
ES,UPPER_k2,30,2.0,926,0.49892008639308855,0.4654427645788337,0.017278617710583154,0.0183585313174946
ES,UPPER_k2,60,2.0,926,0.5075593952483801,0.4708423326133909,0.017278617710583154,0.004319654427645789
ES,UPPER_k2,120,2.0,926,0.5086393088552916,0.47300215982721383,0.017278617710583154,0.0010799136069114472
ES,UPPER_k3,1,2.0,844,0.23222748815165878,0.20497630331753555,0.014218009478672985,0.5485781990521327
ES,UPPER_k3,2,2.0,844,0.31161137440758296,0.2938388625592417,0.014218009478672985,0.3803317535545024
ES,UPPER_k3,3,2.0,844,0.3590047393364929,0.32582938388625593,0.014218009478672985,0.3009478672985782
ES,UPPER_k3,4,2.0,844,0.3909952606635071,0.3518957345971564,0.014218009478672985,0.24289099526066352
ES,UPPER_k3,5,2.0,844,0.4075829383886256,0.3732227488151659,0.014218009478672985,0.20497630331753555
ES,UPPER_k3,10,2.0,844,0.4585308056872038,0.4324644549763033,0.014218009478672985,0.0947867298578199
ES,UPPER_k3,15,2.0,844,0.471563981042654,0.44786729857819907,0.014218009478672985,0.06635071090047394
ES,UPPER_k3,20,2.0,844,0.48104265402843605,0.45734597156398105,0.014218009478672985,0.04739336492890995
ES,UPPER_k3,30,2.0,844,0.495260663507109,0.4703791469194313,0.014218009478672985,0.02014218009478673
ES,UPPER_k3,60,2.0,844,0.49881516587677727,0.4834123222748815,0.014218009478672985,0.0035545023696682463
ES,UPPER_k3,120,2.0,844,0.5,0.48578199052132703,0.014218009478672985,0.0
NQ,LOWER_k0,1,2.0,1077,0.2683379758588672,0.2934076137418756,0.02414113277623027,0.4141132776230269
NQ,LOWER_k0,2,2.0,1077,0.36118848653667596,0.3649025069637883,0.02414113277623027,0.24976787372330547
NQ,LOWER_k0,3,2.0,1077,0.4020427112349118,0.3946146703806871,0.02414113277623027,0.17920148560817084
NQ,LOWER_k0,4,2.0,1077,0.4233983286908078,0.4159702878365831,0.025069637883008356,0.13556174558960074
NQ,LOWER_k0,5,2.0,1077,0.436397400185701,0.4391829155060353,0.025069637883008356,0.09935004642525534
NQ,LOWER_k0,10,2.0,1077,0.4558960074280409,0.46982358402971214,0.025069637883008356,0.04921077065923862
NQ,LOWER_k0,15,2.0,1077,0.46518105849582175,0.4828226555246054,0.025069637883008356,0.02692664809656453
NQ,LOWER_k0,20,2.0,1077,0.47168059424326836,0.49025069637883006,0.025069637883008356,0.012999071494893221
NQ,LOWER_k0,30,2.0,1077,0.4744661095636026,0.4921077065923863,0.025069637883008356,0.008356545961002786
NQ,LOWER_k0,60,2.0,1077,0.47725162488393685,0.4948932219127205,0.025069637883008356,0.002785515320334262
NQ,LOWER_k0,120,2.0,1077,0.479108635097493,0.4958217270194986,0.025069637883008356,0.0
NQ,LOWER_k1,1,2.0,987,0.24316109422492402,0.26545086119554206,0.02735562310030395,0.46403242147923
NQ,LOWER_k1,2,2.0,987,0.3252279635258359,0.3454913880445795,0.028368794326241134,0.3009118541033435
NQ,LOWER_k1,3,2.0,987,0.36271529888551163,0.3850050658561297,0.028368794326241134,0.22391084093211752
NQ,LOWER_k1,4,2.0,987,0.39311043566362713,0.4133738601823708,0.028368794326241134,0.1651469098277609
NQ,LOWER_k1,5,2.0,987,0.4154002026342452,0.4326241134751773,0.028368794326241134,0.12360688956433637
NQ,LOWER_k1,10,2.0,987,0.4508611955420466,0.47416413373860183,0.028368794326241134,0.04660587639311044
NQ,LOWER_k1,15,2.0,987,0.4579533941236069,0.48328267477203646,0.028368794326241134,0.030395136778115502
NQ,LOWER_k1,20,2.0,987,0.4630192502532928,0.48632218844984804,0.028368794326241134,0.022289766970618033
NQ,LOWER_k1,30,2.0,987,0.47011144883485306,0.49037487335359675,0.028368794326241134,0.011144883485309016
NQ,LOWER_k1,60,2.0,987,0.47416413373860183,0.49341438703140833,0.028368794326241134,0.004052684903748734
NQ,LOWER_k1,120,2.0,987,0.475177304964539,0.49341438703140833,0.028368794326241134,0.00303951367781155
NQ,LOWER_k2,1,2.0,906,0.24282560706401765,0.2571743929359823,0.01434878587196468,0.4856512141280353
NQ,LOWER_k2,2,2.0,906,0.32450331125827814,0.34105960264900664,0.01434878587196468,0.3200883002207506
NQ,LOWER_k2,3,2.0,906,0.36644591611479027,0.38741721854304634,0.01434878587196468,0.23178807947019867
NQ,LOWER_k2,4,2.0,906,0.40066225165562913,0.4094922737306843,0.01434878587196468,0.17549668874172186
NQ,LOWER_k2,5,2.0,906,0.41832229580573954,0.4304635761589404,0.01434878587196468,0.1368653421633554
NQ,LOWER_k2,10,2.0,906,0.4602649006622517,0.48123620309050774,0.01434878587196468,0.04415011037527594
NQ,LOWER_k2,15,2.0,906,0.47019867549668876,0.4966887417218543,0.01434878587196468,0.018763796909492272
NQ,LOWER_k2,20,2.0,906,0.4735099337748344,0.5,0.01434878587196468,0.012141280353200883
NQ,LOWER_k2,30,2.0,906,0.4757174392935982,0.5044150110375276,0.01434878587196468,0.005518763796909493
NQ,LOWER_k2,60,2.0,906,0.48013245033112584,0.5044150110375276,0.01434878587196468,0.0011037527593818985
NQ,LOWER_k2,120,2.0,906,0.48013245033112584,0.5055187637969095,0.01434878587196468,0.0
NQ,LOWER_k3,1,2.0,829,0.2448733413751508,0.218335343787696,0.016887816646562123,0.5199034981905911
NQ,LOWER_k3,2,2.0,829,0.32448733413751507,0.2991556091676719,0.016887816646562123,0.3594692400482509
NQ,LOWER_k3,3,2.0,829,0.3715319662243667,0.3546441495778046,0.016887816646562123,0.2569360675512666
NQ,LOWER_k3,4,2.0,829,0.40651387213510254,0.3823884197828709,0.016887816646562123,0.1942098914354644
NQ,LOWER_k3,5,2.0,829,0.428226779252111,0.4089264173703257,0.016887816646562123,0.14595898673100122
NQ,LOWER_k3,10,2.0,829,0.46682750301568154,0.45476477683956573,0.016887816646562123,0.061519903498190594
NQ,LOWER_k3,15,2.0,829,0.4825090470446321,0.4752714113389626,0.016887816646562123,0.025331724969843185
NQ,LOWER_k3,20,2.0,829,0.4897466827503016,0.47889022919179736,0.016887816646562123,0.014475271411338963
NQ,LOWER_k3,30,2.0,829,0.4945717732207479,0.4825090470446321,0.016887816646562123,0.006031363088057901
NQ,LOWER_k3,60,2.0,829,0.4969843184559711,0.48492159227985526,0.016887816646562123,0.0012062726176115801
NQ,LOWER_k3,120,2.0,829,0.4969843184559711,0.48612786489746684,0.016887816646562123,0.0
NQ,UPPER_k0,1,2.0,1103,0.25385312783318226,0.23662737987307345,0.02357207615593835,0.485947416137806
NQ,UPPER_k0,2,2.0,1103,0.3327289211242067,0.3155031731640979,0.024478694469628286,0.3272892112420671
NQ,UPPER_k0,3,2.0,1103,0.3844061650045331,0.34904805077062556,0.024478694469628286,0.24206708975521304
NQ,UPPER_k0,4,2.0,1103,0.4097914777878513,0.3925657298277425,0.024478694469628286,0.17316409791477788
NQ,UPPER_k0,5,2.0,1103,0.4369900271985494,0.4043517679057117,0.024478694469628286,0.13417951042611062
NQ,UPPER_k0,10,2.0,1103,0.4741613780598368,0.4315503173164098,0.024478694469628286,0.06980961015412511
NQ,UPPER_k0,15,2.0,1103,0.4932003626473255,0.4469628286491387,0.024478694469628286,0.03535811423390753
NQ,UPPER_k0,20,2.0,1103,0.4986400725294651,0.4514959202175884,0.024478694469628286,0.025385312783318223
NQ,UPPER_k0,30,2.0,1103,0.5067996373526745,0.457842248413418,0.024478694469628286,0.010879419764279238
NQ,UPPER_k0,60,2.0,1103,0.5095194922937444,0.46237533998186764,0.024478694469628286,0.003626473254759746
NQ,UPPER_k0,120,2.0,1103,0.5113327289211242,0.46328195829555757,0.024478694469628286,0.0009066183136899365
NQ,UPPER_k1,1,2.0,1013,0.23000987166831194,0.19940769990128332,0.01579466929911155,0.5547877591312932
NQ,UPPER_k1,2,2.0,1013,0.3139190523198421,0.2704837117472853,0.01579466929911155,0.3998025666337611
NQ,UPPER_k1,3,2.0,1013,0.368213228035538,0.3149062191510365,0.01579466929911155,0.3010858835143139
NQ,UPPER_k1,4,2.0,1013,0.39387956564659427,0.3455083909180652,0.01579466929911155,0.24481737413622903
NQ,UPPER_k1,5,2.0,1013,0.42843040473840077,0.36327739387956565,0.01579466929911155,0.192497532082922
NQ,UPPER_k1,10,2.0,1013,0.47581441263573543,0.4096742349457058,0.01678183613030602,0.09772951628825272
NQ,UPPER_k1,15,2.0,1013,0.49259624876604147,0.42744323790720634,0.01678183613030602,0.0631786771964462
NQ,UPPER_k1,20,2.0,1013,0.5024679170779862,0.4383020730503455,0.01678183613030602,0.04244817374136229
NQ,UPPER_k1,30,2.0,1013,0.5113524185587365,0.4471865745310958,0.01678183613030602,0.024679170779861797
NQ,UPPER_k1,60,2.0,1013,0.5212240868706811,0.45804540967423496,0.01678183613030602,0.003948667324777887
NQ,UPPER_k1,120,2.0,1013,0.5241855873642646,0.4590325765054294,0.01678183613030602,0.0
NQ,UPPER_k2,1,2.0,911,0.2030735455543359,0.1877058177826564,0.010976948408342482,0.5982436882546652
NQ,UPPER_k2,2,2.0,911,0.27991218441273324,0.2623490669593853,0.012074643249176729,0.4456641053787047
NQ,UPPER_k2,3,2.0,911,0.33699231613611413,0.305159165751921,0.012074643249176729,0.34577387486278816
NQ,UPPER_k2,4,2.0,911,0.3754116355653128,0.3402854006586169,0.012074643249176729,0.2722283205268935
NQ,UPPER_k2,5,2.0,911,0.3940724478594951,0.36553238199780463,0.012074643249176729,0.2283205268935236
NQ,UPPER_k2,10,2.0,911,0.43798024149286496,0.42151481888035125,0.012074643249176729,0.12843029637760703
NQ,UPPER_k2,15,2.0,911,0.4566410537870472,0.446761800219539,0.012074643249176729,0.0845225027442371
NQ,UPPER_k2,20,2.0,911,0.47091108671789245,0.4588364434687157,0.012074643249176729,0.05817782656421515
NQ,UPPER_k2,30,2.0,911,0.48737650933040616,0.47530186608122943,0.012074643249176729,0.025246981339187707
NQ,UPPER_k2,60,2.0,911,0.4972557628979144,0.4807903402854007,0.012074643249176729,0.009879253567508232
NQ,UPPER_k2,120,2.0,911,0.4994511525795829,0.48518111964873767,0.012074643249176729,0.003293084522502744
NQ,UPPER_k3,1,2.0,826,0.19128329297820823,0.17070217917675545,0.012106537530266344,0.62590799031477
NQ,UPPER_k3,2,2.0,826,0.25786924939467315,0.25302663438256656,0.013317191283292978,0.47578692493946734
NQ,UPPER_k3,3,2.0,826,0.30387409200968524,0.29782082324455206,0.013317191283292978,0.38498789346246975
NQ,UPPER_k3,4,2.0,826,0.33292978208232443,0.3389830508474576,0.014527845036319613,0.3135593220338983
NQ,UPPER_k3,5,2.0,826,0.35472154963680386,0.3583535108958838,0.014527845036319613,0.27239709443099275
NQ,UPPER_k3,10,2.0,826,0.4261501210653753,0.4346246973365617,0.014527845036319613,0.12469733656174334
NQ,UPPER_k3,15,2.0,826,0.4430992736077482,0.4576271186440678,0.014527845036319613,0.0847457627118644
NQ,UPPER_k3,20,2.0,826,0.4576271186440678,0.4648910411622276,0.014527845036319613,0.06295399515738499
NQ,UPPER_k3,30,2.0,826,0.47578692493946734,0.4745762711864407,0.014527845036319613,0.035108958837772396
NQ,UPPER_k3,60,2.0,826,0.4915254237288136,0.48426150121065376,0.014527845036319613,0.009685230024213076
NQ,UPPER_k3,120,2.0,826,0.4963680387409201,0.48668280871670705,0.014527845036319613,0.002421307506053269
ES,LOWER_k0,1,3.0,1086,0.16022099447513813,0.1850828729281768,0.007366482504604052,0.647329650092081
ES,LOWER_k0,2,3.0,1086,0.22559852670349909,0.2430939226519337,0.008287292817679558,0.5230202578268877
ES,LOWER_k0,3,3.0,1086,0.27071823204419887,0.2918968692449355,0.008287292817679558,0.429097605893186
ES,LOWER_k0,4,3.0,1086,0.30755064456721914,0.31860036832412525,0.008287292817679558,0.36556169429097607
ES,LOWER_k0,5,3.0,1086,0.3351749539594843,0.3434622467771639,0.008287292817679558,0.31307550644567217
ES,LOWER_k0,10,3.0,1086,0.4014732965009208,0.4162062615101289,0.008287292817679558,0.17403314917127072
ES,LOWER_k0,15,3.0,1086,0.430939226519337,0.44751381215469616,0.008287292817679558,0.1132596685082873
ES,LOWER_k0,20,3.0,1086,0.44567219152854515,0.46408839779005523,0.008287292817679558,0.08195211786372007
ES,LOWER_k0,30,3.0,1086,0.46408839779005523,0.4889502762430939,0.008287292817679558,0.03867403314917127
ES,LOWER_k0,60,3.0,1086,0.47513812154696133,0.5027624309392266,0.008287292817679558,0.013812154696132596
ES,LOWER_k0,120,3.0,1086,0.47790055248618785,0.509208103130755,0.008287292817679558,0.004604051565377533
ES,LOWER_k1,1,3.0,1006,0.15308151093439365,0.15705765407554673,0.007952286282306162,0.6819085487077535
ES,LOWER_k1,2,3.0,1006,0.220675944333996,0.21868787276341947,0.007952286282306162,0.5526838966202783
ES,LOWER_k1,3,3.0,1006,0.27137176938369784,0.27335984095427435,0.007952286282306162,0.44731610337972166
ES,LOWER_k1,4,3.0,1006,0.30119284294234594,0.3101391650099404,0.007952286282306162,0.38071570576540753
ES,LOWER_k1,5,3.0,1006,0.3349900596421471,0.33300198807157055,0.007952286282306162,0.3240556660039761
ES,LOWER_k1,10,3.0,1006,0.4125248508946322,0.4135188866799205,0.007952286282306162,0.16600397614314116
ES,LOWER_k1,15,3.0,1006,0.44532803180914515,0.4433399602385686,0.007952286282306162,0.10337972166998012
ES,LOWER_k1,20,3.0,1006,0.4602385685884692,0.46520874751491054,0.007952286282306162,0.06660039761431412
ES,LOWER_k1,30,3.0,1006,0.4761431411530815,0.4831013916500994,0.007952286282306162,0.032803180914512925
ES,LOWER_k1,60,3.0,1006,0.4870775347912525,0.49105367793240556,0.007952286282306162,0.013916500994035786
ES,LOWER_k1,120,3.0,1006,0.49204771371769385,0.4970178926441352,0.007952286282306162,0.002982107355864811
ES,LOWER_k2,1,3.0,923,0.13542795232936078,0.16901408450704225,0.004333694474539545,0.6912242686890574
ES,LOWER_k2,2,3.0,923,0.2047670639219935,0.23510292524377033,0.004333694474539545,0.5557963163596966
ES,LOWER_k2,3,3.0,923,0.25460455037919827,0.27735644637053086,0.004333694474539545,0.4637053087757313
ES,LOWER_k2,4,3.0,923,0.28819068255687974,0.31094257854821233,0.004333694474539545,0.39653304442036835
ES,LOWER_k2,5,3.0,923,0.3206933911159263,0.3412784398699892,0.004333694474539545,0.333694474539545
ES,LOWER_k2,10,3.0,923,0.39869989165763814,0.4171180931744312,0.004333694474539545,0.17984832069339113
ES,LOWER_k2,15,3.0,923,0.4279523293607801,0.4496208017334778,0.004333694474539545,0.1180931744312026
ES,LOWER_k2,20,3.0,923,0.4496208017334778,0.4626218851570964,0.004333694474539545,0.08342361863488625
ES,LOWER_k2,30,3.0,923,0.466955579631636,0.49295774647887325,0.004333694474539545,0.035752979414951244
ES,LOWER_k2,60,3.0,923,0.4810400866738895,0.5037919826652221,0.004333694474539545,0.010834236186348862
ES,LOWER_k2,120,3.0,923,0.48429035752979416,0.5081256771397616,0.004333694474539545,0.0032502708559046588
ES,LOWER_k3,1,3.0,854,0.13348946135831383,0.14754098360655737,0.00702576112412178,0.711943793911007
ES,LOWER_k3,2,3.0,854,0.20843091334894615,0.21779859484777517,0.00819672131147541,0.5655737704918032
ES,LOWER_k3,3,3.0,854,0.2540983606557377,0.26229508196721313,0.00819672131147541,0.47540983606557374
ES,LOWER_k3,4,3.0,854,0.28805620608899296,0.2962529274004684,0.00819672131147541,0.40749414519906324
ES,LOWER_k3,5,3.0,854,0.31733021077283374,0.33138173302107726,0.00819672131147541,0.3430913348946136
ES,LOWER_k3,10,3.0,854,0.38992974238875877,0.40398126463700235,0.00819672131147541,0.19789227166276346
ES,LOWER_k3,15,3.0,854,0.4309133489461358,0.446135831381733,0.00819672131147541,0.11475409836065574
ES,LOWER_k3,20,3.0,854,0.446135831381733,0.468384074941452,0.00819672131147541,0.07728337236533958
ES,LOWER_k3,30,3.0,854,0.46252927400468385,0.4929742388758782,0.00819672131147541,0.03629976580796253
ES,LOWER_k3,60,3.0,854,0.47423887587822017,0.5081967213114754,0.00819672131147541,0.00936768149882904
ES,LOWER_k3,120,3.0,854,0.4812646370023419,0.509367681498829,0.00819672131147541,0.00117096018735363
ES,UPPER_k0,1,3.0,1110,0.14414414414414414,0.16486486486486487,0.002702702702702703,0.6882882882882883
ES,UPPER_k0,2,3.0,1110,0.2153153153153153,0.24234234234234234,0.002702702702702703,0.5396396396396397
ES,UPPER_k0,3,3.0,1110,0.263963963963964,0.290990990990991,0.002702702702702703,0.4423423423423423
ES,UPPER_k0,4,3.0,1110,0.3045045045045045,0.3396396396396396,0.002702702702702703,0.35315315315315315
ES,UPPER_k0,5,3.0,1110,0.327027027027027,0.3675675675675676,0.002702702702702703,0.3027027027027027
ES,UPPER_k0,10,3.0,1110,0.3891891891891892,0.43333333333333335,0.002702702702702703,0.17477477477477477
ES,UPPER_k0,15,3.0,1110,0.42252252252252254,0.4594594594594595,0.002702702702702703,0.11531531531531532
ES,UPPER_k0,20,3.0,1110,0.44414414414414416,0.47477477477477475,0.002702702702702703,0.07837837837837838
ES,UPPER_k0,30,3.0,1110,0.45765765765765765,0.49099099099099097,0.002702702702702703,0.04864864864864865
ES,UPPER_k0,60,3.0,1110,0.4774774774774775,0.5045045045045045,0.002702702702702703,0.015315315315315315
ES,UPPER_k0,120,3.0,1110,0.4837837837837838,0.5081081081081081,0.002702702702702703,0.005405405405405406
ES,UPPER_k1,1,3.0,1019,0.12659470068694798,0.14622178606476938,0.0,0.7271835132482827
ES,UPPER_k1,2,3.0,1019,0.19234543670264967,0.22276741903827282,0.0,0.5848871442590775
ES,UPPER_k1,3,3.0,1019,0.23454367026496564,0.2718351324828263,0.0,0.49362119725220804
ES,UPPER_k1,4,3.0,1019,0.2718351324828263,0.30618253189401373,0.0,0.42198233562315995
ES,UPPER_k1,5,3.0,1019,0.2934249263984298,0.33169774288518156,0.0,0.3748773307163886
ES,UPPER_k1,10,3.0,1019,0.37978410206084395,0.39450441609421,0.0009813542688910696,0.22473012757605496
ES,UPPER_k1,15,3.0,1019,0.4239450441609421,0.4239450441609421,0.0009813542688910696,0.15112855740922473
ES,UPPER_k1,20,3.0,1019,0.4474975466143278,0.4435721295387635,0.0009813542688910696,0.10794896957801767
ES,UPPER_k1,30,3.0,1019,0.4681059862610402,0.465161923454367,0.0009813542688910696,0.06575073601570167
ES,UPPER_k1,60,3.0,1019,0.4867517173699706,0.48282630029440626,0.0009813542688910696,0.029440628066732092
ES,UPPER_k1,120,3.0,1019,0.492639842983317,0.4955839057899902,0.0009813542688910696,0.010794896957801767
ES,UPPER_k2,1,3.0,926,0.13174946004319654,0.12958963282937366,0.0032397408207343412,0.7354211663066955
ES,UPPER_k2,2,3.0,926,0.1900647948164147,0.19330453563714903,0.0032397408207343412,0.6133909287257019
ES,UPPER_k2,3,3.0,926,0.23542116630669546,0.23542116630669546,0.004319654427645789,0.5248380129589633
ES,UPPER_k2,4,3.0,926,0.27645788336933047,0.2634989200863931,0.004319654427645789,0.4557235421166307
ES,UPPER_k2,5,3.0,926,0.3099352051835853,0.28509719222462204,0.004319654427645789,0.4006479481641469
ES,UPPER_k2,10,3.0,926,0.38120950323974084,0.3596112311015119,0.004319654427645789,0.2548596112311015
ES,UPPER_k2,15,3.0,926,0.4190064794816415,0.4006479481641469,0.004319654427645789,0.17602591792656588
ES,UPPER_k2,20,3.0,926,0.4427645788336933,0.42332613390928725,0.004319654427645789,0.12958963282937366
ES,UPPER_k2,30,3.0,926,0.47300215982721383,0.4449244060475162,0.004319654427645789,0.07775377969762419
ES,UPPER_k2,60,3.0,926,0.49352051835853133,0.4740820734341253,0.004319654427645789,0.028077753779697623
ES,UPPER_k2,120,3.0,926,0.5053995680345572,0.4816414686825054,0.004319654427645789,0.008639308855291577
ES,UPPER_k3,1,3.0,844,0.11848341232227488,0.11611374407582939,0.001184834123222749,0.764218009478673
ES,UPPER_k3,2,3.0,844,0.18364928909952608,0.17890995260663506,0.001184834123222749,0.6362559241706162
ES,UPPER_k3,3,3.0,844,0.25118483412322273,0.22630331753554503,0.001184834123222749,0.5213270142180095
ES,UPPER_k3,4,3.0,844,0.27606635071090047,0.26303317535545023,0.001184834123222749,0.4597156398104265
ES,UPPER_k3,5,3.0,844,0.29739336492890994,0.28199052132701424,0.001184834123222749,0.4194312796208531
ES,UPPER_k3,10,3.0,844,0.3755924170616114,0.36729857819905215,0.001184834123222749,0.2559241706161137
ES,UPPER_k3,15,3.0,844,0.41706161137440756,0.4075829383886256,0.001184834123222749,0.17417061611374407
ES,UPPER_k3,20,3.0,844,0.43601895734597157,0.43483412322274884,0.001184834123222749,0.12796208530805686
ES,UPPER_k3,30,3.0,844,0.46327014218009477,0.46327014218009477,0.002369668246445498,0.07109004739336493
ES,UPPER_k3,60,3.0,844,0.4822274881516588,0.490521327014218,0.002369668246445498,0.024881516587677725
ES,UPPER_k3,120,3.0,844,0.49170616113744076,0.49881516587677727,0.002369668246445498,0.0071090047393364926
NQ,LOWER_k0,1,3.0,1077,0.15691736304549675,0.18384401114206128,0.004642525533890436,0.6545961002785515
NQ,LOWER_k0,2,3.0,1077,0.2404828226555246,0.2525533890436397,0.004642525533890436,0.5023212627669452
NQ,LOWER_k0,3,3.0,1077,0.28876508820798513,0.2989786443825441,0.004642525533890436,0.4076137418755803
NQ,LOWER_k0,4,3.0,1077,0.32497678737233054,0.3203342618384401,0.004642525533890436,0.3500464252553389
NQ,LOWER_k0,5,3.0,1077,0.3500464252553389,0.3519034354688951,0.004642525533890436,0.2934076137418756
NQ,LOWER_k0,10,3.0,1077,0.415041782729805,0.4243268337975859,0.004642525533890436,0.15598885793871867
NQ,LOWER_k0,15,3.0,1077,0.4428969359331476,0.4521819870009285,0.004642525533890436,0.10027855153203342
NQ,LOWER_k0,20,3.0,1077,0.46425255338904364,0.46982358402971214,0.004642525533890436,0.06128133704735376
NQ,LOWER_k0,30,3.0,1077,0.4818941504178273,0.4856081708449396,0.004642525533890436,0.027855153203342618
NQ,LOWER_k0,60,3.0,1077,0.489322191272052,0.49025069637883006,0.004642525533890436,0.015784586815227482
NQ,LOWER_k0,120,3.0,1077,0.49303621169916434,0.4948932219127205,0.004642525533890436,0.007428040854224698
NQ,LOWER_k1,1,3.0,987,0.12968591691995948,0.171225937183384,0.004052684903748734,0.6950354609929078
NQ,LOWER_k1,2,3.0,987,0.21479229989868287,0.22289766970618036,0.004052684903748734,0.5582573454913881
NQ,LOWER_k1,3,3.0,987,0.26443768996960487,0.2786220871327254,0.005065856129685917,0.4518743667679838
NQ,LOWER_k1,4,3.0,987,0.3049645390070922,0.3069908814589666,0.005065856129685917,0.3829787234042553
NQ,LOWER_k1,5,3.0,987,0.3353596757852077,0.3353596757852077,0.005065856129685917,0.3242147922998987
NQ,LOWER_k1,10,3.0,987,0.414387031408308,0.40628166160081053,0.005065856129685917,0.17426545086119555
NQ,LOWER_k1,15,3.0,987,0.44174265450861194,0.4457953394123607,0.005065856129685917,0.10739614994934144
NQ,LOWER_k1,20,3.0,987,0.45997973657548125,0.46099290780141844,0.005065856129685917,0.07396149949341439
NQ,LOWER_k1,30,3.0,987,0.47619047619047616,0.47315096251266464,0.005065856129685917,0.04559270516717325
NQ,LOWER_k1,60,3.0,987,0.48834853090172237,0.49037487335359675,0.005065856129685917,0.016210739614994935
NQ,LOWER_k1,120,3.0,987,0.49240121580547114,0.49442755825734547,0.005065856129685917,0.008105369807497468
NQ,LOWER_k2,1,3.0,906,0.12693156732891833,0.16335540838852097,0.004415011037527594,0.7052980132450332
NQ,LOWER_k2,2,3.0,906,0.19646799116997793,0.2185430463576159,0.004415011037527594,0.5805739514348786
NQ,LOWER_k2,3,3.0,906,0.25055187637969095,0.271523178807947,0.004415011037527594,0.4735099337748344
NQ,LOWER_k2,4,3.0,906,0.29911699779249445,0.31125827814569534,0.004415011037527594,0.3852097130242826
NQ,LOWER_k2,5,3.0,906,0.32891832229580575,0.336644591611479,0.004415011037527594,0.33002207505518766
NQ,LOWER_k2,10,3.0,906,0.40066225165562913,0.4227373068432671,0.004415011037527594,0.17218543046357615
NQ,LOWER_k2,15,3.0,906,0.4359823399558499,0.4503311258278146,0.004415011037527594,0.10927152317880795
NQ,LOWER_k2,20,3.0,906,0.45364238410596025,0.46578366445916114,0.004415011037527594,0.076158940397351
NQ,LOWER_k2,30,3.0,906,0.47240618101545256,0.4856512141280353,0.004415011037527594,0.037527593818984545
NQ,LOWER_k2,60,3.0,906,0.4856512141280353,0.5011037527593819,0.004415011037527594,0.008830022075055188
NQ,LOWER_k2,120,3.0,906,0.4878587196467991,0.5044150110375276,0.004415011037527594,0.0033112582781456954
NQ,LOWER_k3,1,3.0,829,0.1278648974668275,0.12665862484921592,0.0036188178528347406,0.7418576598311218
NQ,LOWER_k3,2,3.0,829,0.20024125452352232,0.18697225572979492,0.0036188178528347406,0.609167671893848
NQ,LOWER_k3,3,3.0,829,0.255729794933655,0.23522316043425814,0.0036188178528347406,0.5054282267792521
NQ,LOWER_k3,4,3.0,829,0.30156815440289503,0.2617611580217129,0.0036188178528347406,0.4330518697225573
NQ,LOWER_k3,5,3.0,829,0.32448733413751507,0.2955367913148372,0.0036188178528347406,0.376357056694813
NQ,LOWER_k3,10,3.0,829,0.41133896260554886,0.38600723763570566,0.0036188178528347406,0.19903498190591074
NQ,LOWER_k3,15,3.0,829,0.4499396863691194,0.43063932448733416,0.0036188178528347406,0.1158021712907117
NQ,LOWER_k3,20,3.0,829,0.4680337756332931,0.44752714113389624,0.0036188178528347406,0.08082026537997587
NQ,LOWER_k3,30,3.0,829,0.4873341375150784,0.4704463208685163,0.0036188178528347406,0.038600723763570564
NQ,LOWER_k3,60,3.0,829,0.5042219541616405,0.4825090470446321,0.0036188178528347406,0.009650180940892641
NQ,LOWER_k3,120,3.0,829,0.5066344993968637,0.4873341375150784,0.0036188178528347406,0.0024125452352231603
NQ,UPPER_k0,1,3.0,1103,0.13961922030825022,0.1514052583862194,0.0009066183136899365,0.7080689029918404
NQ,UPPER_k0,2,3.0,1103,0.21940163191296463,0.2112420670897552,0.0009066183136899365,0.5684496826835902
NQ,UPPER_k0,3,3.0,1103,0.271985494106981,0.26835902085222124,0.001813236627379873,0.457842248413418
NQ,UPPER_k0,4,3.0,1103,0.3046237533998187,0.3100634632819583,0.001813236627379873,0.38349954669084313
NQ,UPPER_k0,5,3.0,1103,0.3327289211242067,0.34270172257479603,0.001813236627379873,0.3227561196736174
NQ,UPPER_k0,10,3.0,1103,0.41069809610154123,0.40616500453309157,0.001813236627379873,0.1813236627379873
NQ,UPPER_k0,15,3.0,1103,0.44152311876699907,0.43245693563009974,0.001813236627379873,0.1242067089755213
NQ,UPPER_k0,20,3.0,1103,0.4542157751586582,0.45058930190389845,0.001813236627379873,0.09338168631006347
NQ,UPPER_k0,30,3.0,1103,0.47234814143245696,0.47234814143245696,0.001813236627379873,0.05349048050770626
NQ,UPPER_k0,60,3.0,1103,0.4913871260199456,0.4886672710788758,0.001813236627379873,0.01813236627379873
NQ,UPPER_k0,120,3.0,1103,0.49501359927470534,0.49501359927470534,0.001813236627379873,0.008159564823209429
NQ,UPPER_k1,1,3.0,1013,0.11549851924975321,0.12240868706811452,0.0019743336623889436,0.7601184600197434
NQ,UPPER_k1,2,3.0,1013,0.18657453109575517,0.192497532082922,0.0019743336623889436,0.6189536031589339
NQ,UPPER_k1,3,3.0,1013,0.2240868706811451,0.2428430404738401,0.0019743336623889436,0.5310957551826259
NQ,UPPER_k1,4,3.0,1013,0.26850937808489633,0.2833168805528134,0.0019743336623889436,0.4461994076999013
NQ,UPPER_k1,5,3.0,1013,0.29911154985192495,0.3099703849950642,0.0019743336623889436,0.3889437314906219
NQ,UPPER_k1,10,3.0,1013,0.3721618953603159,0.3751233958538993,0.0019743336623889436,0.25074037512339586
NQ,UPPER_k1,15,3.0,1013,0.4106614017769003,0.4165844027640671,0.0019743336623889436,0.17077986179664364
NQ,UPPER_k1,20,3.0,1013,0.43336623889437315,0.4412635735439289,0.0019743336623889436,0.12339585389930899
NQ,UPPER_k1,30,3.0,1013,0.4590325765054294,0.46199407699901285,0.0019743336623889436,0.0769990128331688
NQ,UPPER_k1,60,3.0,1013,0.4817374136229023,0.4846989141164857,0.0019743336623889436,0.0315893385982231
NQ,UPPER_k1,120,3.0,1013,0.491609081934847,0.4945705824284304,0.0019743336623889436,0.011846001974333662
NQ,UPPER_k2,1,3.0,911,0.10098792535675083,0.10208562019758508,0.0021953896816684962,0.7947310647639956
NQ,UPPER_k2,2,3.0,911,0.150384193194292,0.17014270032930845,0.0021953896816684962,0.677277716794731
NQ,UPPER_k2,3,3.0,911,0.1986827661909989,0.21953896816684962,0.0021953896816684962,0.579582875960483
NQ,UPPER_k2,4,3.0,911,0.2261251372118551,0.2579582875960483,0.0021953896816684962,0.5137211855104281
NQ,UPPER_k2,5,3.0,911,0.25686059275521406,0.283205268935236,0.0021953896816684962,0.45773874862788144
NQ,UPPER_k2,10,3.0,911,0.33150384193194293,0.3787047200878156,0.0021953896816684962,0.287596048298573
NQ,UPPER_k2,15,3.0,911,0.3743139407244786,0.42590559824368823,0.0021953896816684962,0.19758507135016465
NQ,UPPER_k2,20,3.0,911,0.39846322722283206,0.4566410537870472,0.0021953896816684962,0.14270032930845225
NQ,UPPER_k2,30,3.0,911,0.43249176728869376,0.4807903402854007,0.0021953896816684962,0.0845225027442371
NQ,UPPER_k2,60,3.0,911,0.4588364434687157,0.5049396267837541,0.0021953896816684962,0.03402854006586169
NQ,UPPER_k2,120,3.0,911,0.47200878155872666,0.5148188803512623,0.0021953896816684962,0.010976948408342482
NQ,UPPER_k3,1,3.0,826,0.09200968523002422,0.09200968523002422,0.002421307506053269,0.8135593220338984
NQ,UPPER_k3,2,3.0,826,0.14527845036319612,0.15738498789346247,0.002421307506053269,0.6949152542372882
NQ,UPPER_k3,3,3.0,826,0.18765133171912832,0.20944309927360774,0.002421307506053269,0.6004842615012107
NQ,UPPER_k3,4,3.0,826,0.23123486682808717,0.2506053268765133,0.002421307506053269,0.5157384987893463
NQ,UPPER_k3,5,3.0,826,0.26150121065375304,0.274818401937046,0.002421307506053269,0.4612590799031477
NQ,UPPER_k3,10,3.0,826,0.33777239709443097,0.3704600484261501,0.002421307506053269,0.28934624697336564
NQ,UPPER_k3,15,3.0,826,0.37530266343825663,0.4188861985472155,0.002421307506053269,0.2033898305084746
NQ,UPPER_k3,20,3.0,826,0.39588377723970947,0.4346246973365617,0.002421307506053269,0.16707021791767554
NQ,UPPER_k3,30,3.0,826,0.43099273607748184,0.45883777239709445,0.002421307506053269,0.10774818401937046
NQ,UPPER_k3,60,3.0,826,0.4600484261501211,0.48668280871670705,0.002421307506053269,0.05084745762711865
NQ,UPPER_k3,120,3.0,826,0.4745762711864407,0.5012106537530266,0.002421307506053269,0.021791767554479417
