instrument,level_id,activation_window,n_touch_in_A,n_nonneutral_samebar,same_bar_reversal_rate,same_bar_blast_through_rate,same_bar_rev_minus_blast_diff,p_raw,q_value
ES,LOWER_k0,1,540,537,0.5814814814814815,0.412962962962963,0.1685185185185185,9.927291089278647e-05,0.008736016158565209
ES,LOWER_k0,2,706,702,0.5594900849858357,0.4348441926345609,0.12464589235127478,0.0010110364191495526,0.04448560244258032
ES,LOWER_k0,3,786,782,0.5508905852417303,0.4440203562340967,0.10687022900763359,0.002972632393081757,0.08719721686373154
ES,LOWER_k0,4,840,836,0.5416666666666666,0.45357142857142857,0.0880952380952381,0.011533208600724532,0.19352225763180378
ES,LOWER_k0,5,883,879,0.5390713476783692,0.4563986409966025,0.08267270668176671,0.015114249483133516,0.19352225763180378
ES,LOWER_k0,10,972,966,0.5288065843621399,0.46502057613168724,0.06378600823045268,0.049631509472516384,0.3359671410447263
ES,LOWER_k0,15,994,988,0.5271629778672032,0.46680080482897385,0.060362173038229376,0.060457828735284824,0.38002063776464745
ES,LOWER_k0,20,1019,1013,0.5230618253189402,0.47105004906771347,0.052011776251226695,0.10225393590550559,0.42333927680197375
ES,LOWER_k0,30,1048,1040,0.5248091603053435,0.4675572519083969,0.05725190839694656,0.06727137461232521,0.3946587310589746
ES,LOWER_k0,60,1090,1081,0.5211009174311927,0.4706422018348624,0.05045871559633028,0.10046107019274904,0.42333927680197375
ES,LOWER_k0,120,1114,1104,0.5197486535008977,0.47127468581687615,0.04847396768402154,0.11064549280051587,0.42333927680197375
ES,LOWER_k1,1,234,234,0.5811965811965812,0.4188034188034188,0.1623931623931624,0.01539381594798439,0.19352225763180378
ES,LOWER_k1,2,404,404,0.5420792079207921,0.45792079207920794,0.08415841584158416,0.10051002788092246,0.42333927680197375
ES,LOWER_k1,3,513,513,0.5458089668615984,0.45419103313840153,0.09161793372319688,0.04215538646734573,0.3282553571511399
ES,LOWER_k1,4,576,576,0.5364583333333334,0.4635416666666667,0.07291666666666667,0.08748654237253474,0.42333927680197375
ES,LOWER_k1,5,633,633,0.5244865718799369,0.4755134281200632,0.04897314375987362,0.23308135451902268,0.6012933945446992
ES,LOWER_k1,10,778,778,0.5167095115681234,0.4832904884318766,0.033419023136246784,0.37010624221298577,0.6834573205720947
ES,LOWER_k1,15,829,829,0.5162846803377563,0.4837153196622437,0.032569360675512665,0.3665256714413094,0.6834573205720947
ES,LOWER_k1,20,873,873,0.5097365406643757,0.49026345933562426,0.019473081328751432,0.5881758594079838,0.8678764686399579
ES,LOWER_k1,30,923,923,0.5037919826652221,0.4962080173347779,0.007583965330444204,0.8434556534204094,0.970914499787947
ES,LOWER_k1,60,991,991,0.49747729566094856,0.5025227043390514,-0.005045408678102927,0.8988979282041702,0.9775369189215822
ES,LOWER_k1,120,1029,1028,0.4936831875607386,0.5053449951409135,-0.011661807580174927,0.7315563339218486,0.9196708197874669
ES,LOWER_k2,1,110,110,0.6,0.4,0.2,0.044762094156973624,0.3282553571511399
ES,LOWER_k2,2,223,223,0.5560538116591929,0.4439461883408072,0.11210762331838565,0.10781097222614845,0.42333927680197375
ES,LOWER_k2,3,326,326,0.5306748466257669,0.46932515337423314,0.06134969325153374,0.2926433452701047,0.6281125459455905
ES,LOWER_k2,4,384,384,0.5286458333333334,0.4713541666666667,0.057291666666666664,0.2838612964859414,0.6281125459455905
ES,LOWER_k2,5,453,453,0.5364238410596026,0.46357615894039733,0.0728476821192053,0.13262264530488135,0.4502445667349313
ES,LOWER_k2,10,606,606,0.5363036303630363,0.4636963696369637,0.07260726072607261,0.08059419606338057,0.4233381296775721
ES,LOWER_k2,15,677,677,0.5406203840472673,0.45937961595273263,0.08124076809453472,0.03787221534753937,0.3282553571511399
ES,LOWER_k2,20,740,740,0.5391891891891892,0.4608108108108108,0.07837837837837838,0.036067721190337416,0.3282553571511399
ES,LOWER_k2,30,802,802,0.5374064837905237,0.4625935162094763,0.07481296758104738,0.037152280819731175,0.3282553571511399
ES,LOWER_k2,60,893,893,0.5296752519596865,0.47032474804031354,0.0593505039193729,0.0817812295968037,0.4233381296775721
ES,LOWER_k2,120,942,942,0.5212314225053079,0.47876857749469215,0.04246284501061571,0.20381487792151418,0.5785712663578467
ES,LOWER_k3,1,63,63,0.6666666666666666,0.3333333333333333,0.3333333333333333,0.011141407415305074,0.19352225763180378
ES,LOWER_k3,2,128,128,0.5546875,0.4453125,0.109375,0.25043988061925965,0.6012933945446992
ES,LOWER_k3,3,205,204,0.5317073170731708,0.4634146341463415,0.06829268292682927,0.3627614652270893,0.6834573205720947
ES,LOWER_k3,4,251,250,0.5258964143426295,0.4701195219123506,0.055776892430278883,0.41101893973508913,0.7140915917316679
ES,LOWER_k3,5,304,303,0.5098684210526315,0.4868421052631579,0.023026315789473683,0.7303898386841976,0.9196708197874669
ES,LOWER_k3,10,460,459,0.5152173913043478,0.4826086956521739,0.03260869565217391,0.513501220779796,0.8368168042337416
ES,LOWER_k3,15,535,534,0.525233644859813,0.47289719626168225,0.052336448598130844,0.24261703774022658,0.6012933945446992
ES,LOWER_k3,20,600,599,0.5166666666666667,0.4816666666666667,0.035,0.4138485361172166,0.7140915917316679
ES,LOWER_k3,30,676,675,0.5177514792899408,0.4807692307692308,0.03698224852071006,0.3556198917648805,0.6834573205720947
ES,LOWER_k3,60,800,799,0.50875,0.49,0.01875,0.6204269655929031,0.8806060156802495
ES,LOWER_k3,120,867,866,0.5074971164936563,0.4913494809688581,0.016147635524798153,0.658689159097093,0.9043644203620076
ES,UPPER_k0,1,539,533,0.5027829313543599,0.48608534322820035,0.016697588126159554,0.7289890405251473,0.9196708197874669
ES,UPPER_k0,2,707,701,0.4893917963224894,0.5021216407355021,-0.01272984441301273,0.7625582115565738,0.9289076275572744
ES,UPPER_k0,3,781,775,0.4967989756722151,0.49551856594110116,0.0012804097311139564,1.0,1.0
ES,UPPER_k0,4,822,816,0.49635036496350365,0.49635036496350365,0.0,1.0,1.0
ES,UPPER_k0,5,851,844,0.4935370152761457,0.4982373678025852,-0.004700352526439483,0.9177612607175345,0.9775369189215822
ES,UPPER_k0,10,942,934,0.49256900212314225,0.4989384288747346,-0.006369426751592357,0.8700533121125615,0.9741044160963191
ES,UPPER_k0,15,985,977,0.4862944162436548,0.5055837563451777,-0.019289340101522844,0.5647246074535414,0.8678764686399579
ES,UPPER_k0,20,1025,1017,0.4917073170731707,0.5004878048780488,-0.00878048780487805,0.8019381181252084,0.9536561404732209
ES,UPPER_k0,30,1050,1042,0.4866666666666667,0.5057142857142857,-0.01904761904761905,0.5561507903163337,0.8678764686399579
ES,UPPER_k0,60,1103,1095,0.4841341795104261,0.5086128739800544,-0.024478694469628286,0.43204660821057916,0.7311557985102108
ES,UPPER_k0,120,1141,1133,0.4829097283085013,0.5100788781770377,-0.02716914986853637,0.3727949021302335,0.6834573205720947
ES,UPPER_k1,1,236,236,0.5,0.5,0.0,1.0,1.0
ES,UPPER_k1,2,399,399,0.46115288220551376,0.5388471177944862,-0.07769423558897243,0.13302680380804788,0.4502445667349313
ES,UPPER_k1,3,493,493,0.4726166328600406,0.5273833671399595,-0.05476673427991886,0.24157701220141287,0.6012933945446992
ES,UPPER_k1,4,563,563,0.477797513321492,0.522202486678508,-0.04440497335701599,0.3117855438707417,0.6532649490625064
ES,UPPER_k1,5,606,606,0.47194719471947194,0.528052805280528,-0.056105610561056105,0.1800243443860124,0.5462807691713479
ES,UPPER_k1,10,726,726,0.47520661157024796,0.5247933884297521,-0.049586776859504134,0.1939184832312127,0.5688275508115572
ES,UPPER_k1,15,782,782,0.47698209718670076,0.5230179028132992,-0.04603580562659847,0.2106890985574387,0.5793950210329564
ES,UPPER_k1,20,829,829,0.4752714113389626,0.5247285886610374,-0.04945717732207479,0.16471503641118762,0.5176758287208754
ES,UPPER_k1,30,891,891,0.47586980920314254,0.5241301907968574,-0.04826038159371493,0.15937348404431803,0.5176758287208754
ES,UPPER_k1,60,970,970,0.4824742268041237,0.5175257731958763,-0.03505154639175258,0.2893369931210799,0.6281125459455905
ES,UPPER_k1,120,1040,1040,0.4913461538461538,0.5086538461538461,-0.01730769230769231,0.598112299718738,0.8678764686399579
ES,UPPER_k2,1,105,105,0.5523809523809524,0.44761904761904764,0.10476190476190476,0.329137126166139,0.673582955874889
ES,UPPER_k2,2,229,229,0.5021834061135371,0.4978165938864629,0.004366812227074236,1.0,1.0
ES,UPPER_k2,3,320,320,0.4875,0.5125,-0.025,0.6956308316759299,0.9136643759325647
ES,UPPER_k2,4,377,377,0.5039787798408488,0.4960212201591512,0.007957559681697613,0.9179767589785163,0.9775369189215822
ES,UPPER_k2,5,417,417,0.5035971223021583,0.49640287769784175,0.007194244604316547,0.9219950485283106,0.9775369189215822
ES,UPPER_k2,10,576,576,0.5069444444444444,0.4930555555555556,0.013888888888888888,0.770571100132739,0.9289076275572744
ES,UPPER_k2,15,634,634,0.5047318611987381,0.4952681388012618,0.00946372239747634,0.8426145835253169,0.970914499787947
ES,UPPER_k2,20,689,689,0.5108853410740203,0.48911465892597966,0.02177068214804064,0.5938181567881048,0.8678764686399579
ES,UPPER_k2,30,762,762,0.5065616797900262,0.49343832020997375,0.013123359580052493,0.7444215806515361,0.9226633675681012
ES,UPPER_k2,60,861,861,0.5121951219512195,0.4878048780487805,0.024390243902439025,0.4955154799862006,0.8227426837506727
ES,UPPER_k2,120,939,939,0.5090521831735889,0.4909478168264111,0.01810436634717785,0.6015961884890617,0.8678764686399579
ES,UPPER_k3,1,42,42,0.5476190476190477,0.4523809523809524,0.09523809523809523,0.6439689563703723,0.899512193025282
ES,UPPER_k3,2,111,111,0.5135135135135135,0.4864864864864865,0.02702702702702703,0.8495501873144536,0.970914499787947
ES,UPPER_k3,3,200,200,0.5,0.5,0.0,1.0,1.0
ES,UPPER_k3,4,252,252,0.5198412698412699,0.4801587301587302,0.03968253968253968,0.5708375672009757,0.8678764686399579
ES,UPPER_k3,5,284,284,0.5140845070422535,0.4859154929577465,0.028169014084507043,0.6779427203063527,0.9043644203620076
ES,UPPER_k3,10,427,427,0.5269320843091335,0.47306791569086654,0.053864168618266976,0.2870199679954342,0.6281125459455905
ES,UPPER_k3,15,517,517,0.5261121856866537,0.4738878143133462,0.05222437137330754,0.2528165408881122,0.6012933945446992
ES,UPPER_k3,20,581,581,0.5094664371772806,0.4905335628227194,0.0189328743545611,0.6782733152715057,0.9043644203620076
ES,UPPER_k3,30,641,641,0.5039001560062403,0.4960998439937597,0.0078003120124804995,0.8744801008137411,0.9741044160963191
ES,UPPER_k3,60,756,756,0.5158730158730159,0.48412698412698413,0.031746031746031744,0.4028882674248667,0.7140915917316679
ES,UPPER_k3,120,857,857,0.5274212368728122,0.4725787631271879,0.05484247374562427,0.11605389046478713,0.4255309317042195
NQ,LOWER_k0,1,538,537,0.5724907063197026,0.4256505576208178,0.14684014869888476,0.0007479119893617499,0.024389659531849447
NQ,LOWER_k0,2,712,710,0.5603932584269663,0.43679775280898875,0.12359550561797752,0.0010801454726388521,0.024389659531849447
NQ,LOWER_k0,3,796,794,0.550251256281407,0.4472361809045226,0.10301507537688442,0.004017532918885424,0.048463770286648465
NQ,LOWER_k0,4,836,834,0.5442583732057417,0.4533492822966507,0.09090909090909091,0.009362319259920726,0.048463770286648465
NQ,LOWER_k0,5,874,872,0.5434782608695652,0.45423340961098396,0.08924485125858124,0.009080775755122943,0.048463770286648465
NQ,LOWER_k0,10,950,948,0.5347368421052632,0.4631578947368421,0.07157894736842105,0.029497400630755743,0.09983735598101943
NQ,LOWER_k0,15,977,975,0.5353121801432958,0.4626407369498465,0.07267144319344933,0.024924765599351324,0.08773517490971665
NQ,LOWER_k0,20,1010,1008,0.5326732673267327,0.46534653465346537,0.06732673267326733,0.034780484186394074,0.10598992046859576
NQ,LOWER_k0,30,1030,1028,0.5330097087378641,0.4650485436893204,0.06796116504854369,0.031343423668232444,0.10215634380757242
NQ,LOWER_k0,60,1079,1077,0.5291936978683967,0.468952734012975,0.060240963855421686,0.05110562125383986,0.13618176376389718
NQ,LOWER_k0,120,1103,1101,0.5249320036264733,0.4732547597461469,0.051677243880326386,0.09142413565838513,0.1787849763986198
NQ,LOWER_k1,1,244,244,0.6229508196721312,0.3770491803278688,0.2459016393442623,0.00014789780442954,0.013015006789799522
NQ,LOWER_k1,2,416,416,0.5384615384615384,0.46153846153846156,0.07692307692307693,0.12843587331900683,0.21173758547635535
NQ,LOWER_k1,3,526,526,0.5342205323193916,0.46577946768060835,0.06844106463878327,0.12691182082659141,0.21173758547635535
NQ,LOWER_k1,4,574,574,0.5418118466898955,0.45818815331010454,0.08362369337979095,0.04969792359755981,0.13618176376389718
NQ,LOWER_k1,5,625,625,0.5392,0.4608,0.0784,0.05477095513843318,0.13624009959134464
NQ,LOWER_k1,10,760,760,0.5328947368421053,0.46710526315789475,0.06578947368421052,0.07543046725511636,0.15750309745730923
NQ,LOWER_k1,15,809,809,0.5339925834363412,0.46600741656365885,0.06798516687268233,0.05755805849768158,0.13624009959134464
NQ,LOWER_k1,20,855,855,0.5263157894736842,0.47368421052631576,0.05263157894736842,0.13233599092272208,0.21173758547635535
NQ,LOWER_k1,30,894,894,0.5257270693512305,0.4742729306487696,0.05145413870246085,0.13227199650000435,0.21173758547635535
NQ,LOWER_k1,60,962,962,0.5103950103950103,0.4896049896049896,0.02079002079002079,0.5401730323443816,0.5868546524235257
NQ,LOWER_k1,120,1008,1008,0.5109126984126984,0.48908730158730157,0.021825396825396824,0.5083513445262736,0.5735245938245138
NQ,LOWER_k2,1,104,104,0.6634615384615384,0.33653846153846156,0.3269230769230769,0.0011086208878113386,0.024389659531849447
NQ,LOWER_k2,2,220,220,0.5909090909090909,0.4090909090909091,0.18181818181818182,0.008405451752681935,0.048463770286648465
NQ,LOWER_k2,3,329,329,0.574468085106383,0.425531914893617,0.14893617021276595,0.00804014403988747,0.048463770286648465
NQ,LOWER_k2,4,398,398,0.5628140703517588,0.4371859296482412,0.12562814070351758,0.013942186645452838,0.06777569470743447
NQ,LOWER_k2,5,448,448,0.546875,0.453125,0.09375,0.052615681454232996,0.13618176376389718
NQ,LOWER_k2,10,597,597,0.5360134003350083,0.4639865996649916,0.07202680067001675,0.08553883120862105,0.1710776624172421
NQ,LOWER_k2,15,650,650,0.536923076923077,0.46307692307692305,0.07384615384615385,0.06517450814506125,0.14351137276500067
NQ,LOWER_k2,20,712,712,0.5308988764044944,0.4691011235955056,0.06179775280898876,0.10700668108411746,0.19827399976531412
NQ,LOWER_k2,30,779,779,0.5365853658536586,0.4634146341463415,0.07317073170731707,0.04474342536130609,0.1270135945740302
NQ,LOWER_k2,60,865,865,0.5329479768786127,0.46705202312138727,0.06589595375722543,0.05683999158980371,0.13624009959134464
NQ,LOWER_k2,120,923,923,0.5308775731310943,0.46912242686890576,0.06175514626218852,0.0652324421659094,0.14351137276500067
NQ,LOWER_k3,1,47,47,0.7021276595744681,0.2978723404255319,0.40425531914893614,0.007942726509483574,0.048463770286648465
NQ,LOWER_k3,2,107,107,0.5794392523364486,0.4205607476635514,0.1588785046728972,0.12151242187624432,0.21019911144844242
NQ,LOWER_k3,3,196,196,0.5663265306122449,0.4336734693877551,0.1326530612244898,0.07387580201820082,0.15750309745730923
NQ,LOWER_k3,4,251,251,0.5577689243027888,0.44223107569721115,0.11553784860557768,0.07696174080300337,0.15750309745730923
NQ,LOWER_k3,5,302,302,0.5364238410596026,0.46357615894039733,0.0728476821192053,0.22682940521543252,0.332683127649301
NQ,LOWER_k3,10,461,461,0.5227765726681128,0.4772234273318872,0.0455531453362256,0.3516104501312428,0.44418381224998976
NQ,LOWER_k3,15,520,520,0.5269230769230769,0.47307692307692306,0.05384615384615385,0.2363718150154303,0.3409954052681618
NQ,LOWER_k3,20,579,579,0.5164075993091537,0.4835924006908463,0.03281519861830743,0.4544560644697024,0.5332284489777841
NQ,LOWER_k3,30,651,651,0.511520737327189,0.48847926267281105,0.02304147465437788,0.5832429117646144,0.6038279557092479
NQ,LOWER_k3,60,765,765,0.515032679738562,0.4849673202614379,0.030065359477124184,0.4263926706536688,0.5070615542908494
NQ,LOWER_k3,120,844,844,0.5023696682464455,0.4976303317535545,0.004739336492890996,0.9177612607175345,0.9177612607175345
NQ,UPPER_k0,1,560,559,0.44821428571428573,0.55,-0.10178571428571428,0.017779387767041327,0.07141658896708657
NQ,UPPER_k0,2,732,731,0.4453551912568306,0.5532786885245902,-0.10792349726775956,0.0038849901380981584,0.048463770286648465
NQ,UPPER_k0,3,816,815,0.45098039215686275,0.5477941176470589,-0.09681372549019608,0.0062563823114630285,0.048463770286648465
NQ,UPPER_k0,4,849,848,0.4464075382803298,0.552414605418139,-0.10600706713780919,0.002222347370814084,0.03911331372632788
NQ,UPPER_k0,5,874,873,0.45194508009153317,0.5469107551487414,-0.09496567505720824,0.005485296093242599,0.048463770286648465
NQ,UPPER_k0,10,968,967,0.45661157024793386,0.5423553719008265,-0.08574380165289257,0.008332320536307166,0.048463770286648465
NQ,UPPER_k0,15,1000,999,0.456,0.543,-0.087,0.006481420899354362,0.048463770286648465
NQ,UPPER_k0,20,1025,1024,0.46146341463414636,0.5375609756097561,-0.07609756097560975,0.016075814325758313,0.07073358303333657
NQ,UPPER_k0,30,1056,1055,0.4630681818181818,0.5359848484848485,-0.07291666666666667,0.019248918080990392,0.07141658896708657
NQ,UPPER_k0,60,1094,1093,0.463436928702011,0.5356489945155393,-0.07221206581352833,0.018268525523319326,0.07141658896708657
NQ,UPPER_k0,120,1130,1129,0.46283185840707963,0.536283185840708,-0.07345132743362832,0.01463338863001426,0.06777569470743447
NQ,UPPER_k1,1,228,228,0.4780701754385965,0.5219298245614035,-0.043859649122807015,0.5512435649994097,0.5915784599993665
NQ,UPPER_k1,2,429,429,0.44988344988344986,0.5501165501165501,-0.10023310023310024,0.04245744957999602,0.12454185210132165
NQ,UPPER_k1,3,534,534,0.4419475655430712,0.5580524344569289,-0.11610486891385768,0.008236992466711873,0.048463770286648465
NQ,UPPER_k1,4,596,596,0.4513422818791946,0.5486577181208053,-0.09731543624161074,0.019477251536478155,0.07141658896708657
NQ,UPPER_k1,5,632,632,0.4572784810126582,0.5427215189873418,-0.08544303797468354,0.034928496518059966,0.10598992046859576
NQ,UPPER_k1,10,753,753,0.46879150066401065,0.5312084993359893,-0.06241699867197875,0.09360719116705676,0.17907462658045642
NQ,UPPER_k1,15,809,809,0.4721878862793572,0.5278121137206427,-0.05562422744128554,0.12181993958943822,0.21019911144844242
NQ,UPPER_k1,20,850,850,0.4764705882352941,0.5235294117647059,-0.047058823529411764,0.18096412500385234,0.2842501468507847
NQ,UPPER_k1,30,892,892,0.4786995515695067,0.5213004484304933,-0.042600896860986545,0.21537757076915007,0.3212411225031391
NQ,UPPER_k1,60,967,967,0.483971044467425,0.516028955532575,-0.03205791106514995,0.3346805222891352,0.43311597002123375
NQ,UPPER_k1,120,1031,1031,0.48884578079534435,0.5111542192046556,-0.02230843840931135,0.4932602089617956,0.5637259530991949
NQ,UPPER_k2,1,94,94,0.44680851063829785,0.5531914893617021,-0.10638297872340426,0.3533280324715828,0.44418381224998976
NQ,UPPER_k2,2,236,236,0.4364406779661017,0.5635593220338984,-0.1271186440677966,0.05883095209626246,0.13624009959134464
NQ,UPPER_k2,3,336,336,0.45535714285714285,0.5446428571428571,-0.08928571428571429,0.11349676453500417,0.20383092406286463
NQ,UPPER_k2,4,397,397,0.45843828715365237,0.5415617128463476,-0.08312342569269521,0.10814945441744407,0.19827399976531412
NQ,UPPER_k2,5,430,430,0.4720930232558139,0.5279069767441861,-0.05581395348837209,0.2673407235246267,0.3734283122248753
NQ,UPPER_k2,10,590,590,0.47796610169491527,0.5220338983050847,-0.04406779661016949,0.30336596001023025,0.4107108381676964
NQ,UPPER_k2,15,658,658,0.47416413373860183,0.5258358662613982,-0.05167173252279635,0.1982405601903239,0.3007787809784225
NQ,UPPER_k2,20,709,709,0.4809590973201692,0.5190409026798307,-0.0380818053596615,0.3288440204624751,0.43191453433877325
NQ,UPPER_k2,30,751,751,0.48868175765645805,0.511318242343542,-0.022636484687083888,0.559351201458397,0.593047056967939
NQ,UPPER_k2,60,843,843,0.4887307236061684,0.5112692763938316,-0.022538552787663108,0.5353136872848457,0.5868546524235257
NQ,UPPER_k2,120,923,923,0.49512459371614304,0.504875406283857,-0.009750812567713976,0.7923185545544904,0.8014256643769558
NQ,UPPER_k3,1,40,40,0.55,0.45,0.1,0.6358280026288412,0.6506147003643956
NQ,UPPER_k3,2,123,123,0.5447154471544715,0.45528455284552843,0.08943089430894309,0.36729673939388774,0.4552410291079172
NQ,UPPER_k3,3,206,206,0.5242718446601942,0.47572815533980584,0.04854368932038835,0.5307221711313294,0.5868546524235257
NQ,UPPER_k3,4,266,266,0.5375939849624061,0.462406015037594,0.07518796992481203,0.24398110770721304,0.34629576577797977
NQ,UPPER_k3,5,300,300,0.54,0.46,0.08,0.18411657239198556,0.2842501468507847
NQ,UPPER_k3,10,448,448,0.5178571428571429,0.48214285714285715,0.03571428571428571,0.47856197150729307,0.5541243880610761
NQ,UPPER_k3,15,518,518,0.5135135135135135,0.4864864864864865,0.02702702702702703,0.5679148874454668,0.5949584535142985
NQ,UPPER_k3,20,586,586,0.5187713310580204,0.4812286689419795,0.03754266211604096,0.38568389375879497,0.4713914257051938
NQ,UPPER_k3,30,637,637,0.521193092621664,0.478806907378336,0.0423861852433281,0.3029323268669778,0.4107108381676964
NQ,UPPER_k3,60,741,741,0.5155195681511471,0.4844804318488529,0.0310391363022942,0.4189993466560731,0.5050951028182799
NQ,UPPER_k3,120,838,838,0.5178997613365155,0.4821002386634845,0.03579952267303103,0.3164457143364048,0.4219276191152064
