run_id,timestamp_utc,git_sha,dataset_hash,stage,hypothesis_id,config_hash,parent_run_id,change_reason,train_period,validation_period,test_period,seed,command,status,primary_metric,selected,notes
e1_001,2026-07-12T22:20:00+00:00,4eeb47a8c302156aad11d984ae550531c0d70b22,see DATA_CONTRACT.md,data_build,reverify,n/a,,,2018-2022,,,n/a,"python -m src.data_build",ok,,,re-ran generation-1 data_build.py unmodified; counters/hashes match root DATA_CONTRACT.md
e1_002,2026-07-12T22:20:00+00:00,4eeb47a8c302156aad11d984ae550531c0d70b22,see DATA_CONTRACT.md,tests,unit_suite,n/a,,,2018-2022,,,n/a,"python -m pytest tests/test_ema21_levels.py -q",ok,,,27/27 test functions pass covering all 33 required test items
e1_003,2026-07-12T22:29:03+00:00,4eeb47a8c302156aad11d984ae550531c0d70b22,see DATA_CONTRACT.md,bars_ema,five_min_construction,n/a,,,2018-2022,,,n/a,"python -m src.pipeline",ok,,,"ES 98949 RTH/349629 full 5m bars; NQ 98794 RTH/349537 full 5m bars"
e1_004,2026-07-12T22:29:03+00:00,4eeb47a8c302156aad11d984ae550531c0d70b22,see DATA_CONTRACT.md,events,arming_touch_detection,n/a,e1_003,,2018-2022,,,n/a,"python -m src.pipeline",ok,,,"ES 83904 armed excursions/36413 touches; NQ 82833/35753 (pooled across span x side x session_def)"
e1_005,2026-07-12T22:29:03+00:00,4eeb47a8c302156aad11d984ae550531c0d70b22,see DATA_CONTRACT.md,outcomes,post_touch_and_barrier,n/a,e1_004,,2018-2022,,,n/a,"python -m src.pipeline",ok,,,72166 touch events; 0 ATR_INVALID exclusions
e1_006,2026-07-12T22:29:03+00:00,4eeb47a8c302156aad11d984ae550531c0d70b22,see DATA_CONTRACT.md,summary,required_cells,n/a,e1_005,,2018-2022,,,n/a,"python -m src.pipeline",ok,,,1440 summary cells written to full_exploratory_results.csv (instrument x session_def x span x side x stratum x horizon x barrier)
e1_007,2026-07-12T22:29:03+00:00,4eeb47a8c302156aad11d984ae550531c0d70b22,see DATA_CONTRACT.md,primary,bh_1p0atr_h5,n/a,e1_006,,2018-2022,,,n/a,"python -m src.pipeline",ok,barrier_rej_minus_brk_first_rate,false,"120 primary cells; 0 UNDERPOWERED; 0/120 REJECTION_DOMINANT or BREAKTHROUGH_DOMINANT (all MIXED_OR_NULL)"
e1_008,2026-07-12T22:29:03+00:00,4eeb47a8c302156aad11d984ae550531c0d70b22,see DATA_CONTRACT.md,specificity,ema20_21_22,n/a,e1_007,,2018-2022,,,n/a,"python -m src.pipeline",ok,,false,"40 specificity cells; 0 EMA21_SPECIFIC; 40/40 GENERIC_EMA_ZONE"
e1_009,2026-07-12T22:29:03+00:00,4eeb47a8c302156aad11d984ae550531c0d70b22,see DATA_CONTRACT.md,report,final_verdict,n/a,e1_008,,2018-2022,,,n/a,"n/a (report authored)",ok,,false,"No supported intraday EMA21 level mechanism found; see EMA21_LEVEL_DISCOVERY_REPORT.md"
