instrument,level_id,n_reversal_proxy,n_blast_through_proxy,n_neutral,n_total_touch_bars,n_nonneutral,reversal_rate,blast_through_rate,neutral_rate,reversal_minus_blast_diff,p_raw,q_value,same_bar_classification
ES,ON_VWAP_0,447,444,0,891,891,0.5016835016835017,0.4983164983164983,0.0,0.003367003367003367,0.9465846706308821,0.9807985743886248,SAME_BAR_MIXED
ES,ON_VWAP_m1,415,388,0,803,803,0.5168119551681195,0.48318804483188044,0.0,0.033623910336239106,0.35887815074014,0.757529536087832,SAME_BAR_MIXED
ES,ON_VWAP_m2,289,333,0,622,622,0.4646302250803859,0.5353697749196141,0.0,-0.0707395498392283,0.08459976646772085,0.529562125836555,SAME_BAR_MIXED
ES,ON_VWAP_m3,234,224,0,458,458,0.5109170305676856,0.4890829694323144,0.0,0.021834061135371178,0.6741354548183224,0.8434458638541631,SAME_BAR_MIXED
ES,ON_VWAP_p1,451,382,0,833,833,0.5414165666266506,0.45858343337334934,0.0,0.08283313325330131,0.018416530629396643,0.3035268699209734,SAME_BAR_MIXED
ES,ON_VWAP_p2,298,358,0,656,656,0.45426829268292684,0.5457317073170732,0.0,-0.09146341463414634,0.02117629325030047,0.3035268699209734,SAME_BAR_MIXED
ES,ON_VWAP_p3,234,204,0,438,438,0.5342465753424658,0.4657534246575342,0.0,0.0684931506849315,0.16577260500802812,0.6762518950518571,SAME_BAR_MIXED
ES,PR_VWAP_0,241,225,0,466,466,0.5171673819742489,0.48283261802575106,0.0,0.034334763948497854,0.48718257181989083,0.7757764805789217,SAME_BAR_MIXED
ES,PR_VWAP_m1,221,203,0,424,424,0.5212264150943396,0.47877358490566035,0.0,0.04245283018867924,0.40906464258024605,0.757529536087832,SAME_BAR_MIXED
ES,PR_VWAP_m2,144,178,0,322,322,0.4472049689440994,0.5527950310559007,0.0,-0.10559006211180125,0.06574554808757242,0.529562125836555,SAME_BAR_MIXED
ES,PR_VWAP_m3,109,131,0,240,240,0.45416666666666666,0.5458333333333333,0.0,-0.09166666666666666,0.1751191862977773,0.6762518950518571,SAME_BAR_MIXED
ES,PR_VWAP_p1,245,216,0,461,461,0.5314533622559653,0.4685466377440347,0.0,0.06290672451193059,0.19214672881342615,0.6762518950518571,SAME_BAR_MIXED
ES,PR_VWAP_p2,200,184,0,384,384,0.5208333333333334,0.4791666666666667,0.0,0.041666666666666664,0.4440356912114315,0.7637413888836622,SAME_BAR_MIXED
ES,PR_VWAP_p3,174,140,0,314,314,0.554140127388535,0.445859872611465,0.0,0.10828025477707007,0.06238901852182554,0.529562125836555,SAME_BAR_MIXED
ES,lower_N10_ema_k0,544,569,0,1113,1113,0.4887690925426775,0.5112309074573226,0.0,-0.022461814914645103,0.47191745959429143,0.7757764805789217,SAME_BAR_MIXED
ES,lower_N10_ema_k1,505,520,0,1025,1025,0.4926829268292683,0.5073170731707317,0.0,-0.014634146341463415,0.6619244473642976,0.8434458638541631,SAME_BAR_MIXED
ES,lower_N10_ema_k2,482,455,0,937,937,0.5144076840981857,0.4855923159018143,0.0,0.0288153681963714,0.3956799905906828,0.757529536087832,SAME_BAR_MIXED
ES,lower_N10_ema_k3,448,421,0,869,869,0.5155350978135789,0.4844649021864212,0.0,0.031070195627157654,0.3777926677413582,0.757529536087832,SAME_BAR_MIXED
ES,lower_N10_mean_k0,579,525,10,1114,1104,0.5197486535008977,0.47127468581687615,0.008976660682226212,0.04847396768402154,0.11064549280051587,0.568716360377631,SAME_BAR_MIXED
ES,lower_N10_mean_k1,508,520,1,1029,1028,0.4936831875607386,0.5053449951409135,0.0009718172983479105,-0.011661807580174927,0.7315563339218486,0.8566635667880358,SAME_BAR_MIXED
ES,lower_N10_mean_k2,491,451,0,942,942,0.5212314225053079,0.47876857749469215,0.0,0.04246284501061571,0.20381487792151418,0.6762518950518571,SAME_BAR_MIXED
ES,lower_N10_mean_k3,440,426,1,867,866,0.5074971164936563,0.4913494809688581,0.0011534025374855825,0.016147635524798153,0.658689159097093,0.8434458638541631,SAME_BAR_MIXED
ES,lower_N10_median_k0,594,496,49,1139,1090,0.5215100965759438,0.4354697102721686,0.04302019315188762,0.08604038630377524,0.003284618652570124,0.09415906804034356,SAME_BAR_MIXED
ES,lower_N10_median_k1,501,543,0,1044,1044,0.47988505747126436,0.5201149425287356,0.0,-0.040229885057471264,0.2044482473412591,0.6762518950518571,SAME_BAR_MIXED
ES,lower_N10_median_k2,509,453,0,962,962,0.5291060291060291,0.4708939708939709,0.0,0.058212058212058215,0.07612920421811205,0.529562125836555,SAME_BAR_MIXED
ES,lower_N10_median_k3,426,455,1,882,881,0.48299319727891155,0.5158730158730159,0.0011337868480725624,-0.032879818594104306,0.3455100863449647,0.757529536087832,SAME_BAR_MIXED
ES,lower_N20_ema_k0,584,522,0,1106,1106,0.5280289330922242,0.4719710669077758,0.0,0.05605786618444846,0.06657230831429164,0.529562125836555,SAME_BAR_MIXED
ES,lower_N20_ema_k1,512,497,0,1009,1009,0.5074331020812686,0.49256689791873143,0.0,0.014866204162537165,0.6594225198008217,0.8434458638541631,SAME_BAR_MIXED
ES,lower_N20_ema_k2,499,414,0,913,913,0.5465498357064622,0.4534501642935378,0.0,0.09309967141292443,0.00540739031551511,0.11625889178357487,SAME_BAR_MIXED
ES,lower_N20_ema_k3,410,431,0,841,841,0.4875148632580262,0.5124851367419738,0.0,-0.02497027348394768,0.4904336773667346,0.7757764805789217,SAME_BAR_MIXED
ES,lower_N20_mean_k0,581,523,4,1108,1104,0.5243682310469314,0.4720216606498195,0.0036101083032490976,0.052346570397111915,0.08620778792688105,0.529562125836555,SAME_BAR_MIXED
ES,lower_N20_mean_k1,484,518,1,1003,1002,0.48255234297108673,0.5164506480558325,0.0009970089730807576,-0.03389830508474576,0.297172020959316,0.7301941086428907,SAME_BAR_MIXED
ES,lower_N20_mean_k2,488,430,0,918,918,0.5315904139433552,0.4684095860566449,0.0,0.06318082788671024,0.059874805120056385,0.529562125836555,SAME_BAR_MIXED
ES,lower_N20_mean_k3,400,440,0,840,840,0.47619047619047616,0.5238095238095238,0.0,-0.047619047619047616,0.17838768494921287,0.6762518950518571,SAME_BAR_MIXED
ES,lower_N20_median_k1,525,504,1,1030,1029,0.5097087378640777,0.4893203883495146,0.000970873786407767,0.020388349514563107,0.532989670768317,0.7990652397249605,SAME_BAR_MIXED
ES,lower_N20_median_k2,478,452,0,930,930,0.513978494623656,0.4860215053763441,0.0,0.02795698924731183,0.41235402614890204,0.757529536087832,SAME_BAR_MIXED
ES,lower_N20_median_k3,409,444,0,853,853,0.4794841735052755,0.5205158264947245,0.0,-0.041031652989449004,0.24435185079170568,0.6976497714531645,SAME_BAR_MIXED
ES,lower_N5_ema_k0,560,561,0,1121,1121,0.49955396966993754,0.5004460303300624,0.0,-0.0008920606601248885,1.0,1.0,SAME_BAR_MIXED
ES,lower_N5_ema_k1,539,500,0,1039,1039,0.5187680461982676,0.48123195380173245,0.0,0.03753609239653513,0.23842459602539814,0.6976497714531645,SAME_BAR_MIXED
ES,lower_N5_ema_k2,508,451,0,959,959,0.529718456725756,0.470281543274244,0.0,0.05943691345151199,0.0704989758608384,0.529562125836555,SAME_BAR_MIXED
ES,lower_N5_ema_k3,435,455,0,890,890,0.4887640449438202,0.5112359550561798,0.0,-0.02247191011235955,0.5242252220072938,0.7990652397249605,SAME_BAR_MIXED
ES,lower_N5_mean_k0,558,547,18,1123,1105,0.4968833481745325,0.4870881567230632,0.016028495102404273,0.009795191451469279,0.7635610942145197,0.8566635667880358,SAME_BAR_MIXED
ES,lower_N5_mean_k1,533,496,3,1032,1029,0.5164728682170543,0.4806201550387597,0.0029069767441860465,0.035852713178294575,0.2617404672373116,0.6976497714531645,SAME_BAR_MIXED
ES,lower_N5_mean_k2,488,468,2,958,956,0.5093945720250522,0.48851774530271397,0.0020876826722338203,0.020876826722338204,0.5389044640005547,0.7990652397249605,SAME_BAR_MIXED
ES,lower_N5_mean_k3,438,448,2,888,886,0.49324324324324326,0.5045045045045045,0.0022522522522522522,-0.01126126126126126,0.7623966783476448,0.8566635667880358,SAME_BAR_MIXED
ES,lower_N5_median_k1,542,513,2,1057,1055,0.5127719962157048,0.4853358561967833,0.001892147587511826,0.027436140018921477,0.38867039359462646,0.757529536087832,SAME_BAR_MIXED
ES,lower_N5_median_k2,493,479,1,973,972,0.5066803699897225,0.49229188078108943,0.0010277492291880781,0.014388489208633094,0.6767181930922936,0.8434458638541631,SAME_BAR_MIXED
ES,lower_N5_median_k3,450,451,0,901,901,0.49944506104328523,0.5005549389567148,0.0,-0.0011098779134295228,1.0,1.0,SAME_BAR_MIXED
ES,upper_N10_ema_k0,564,575,0,1139,1139,0.495171202809482,0.504828797190518,0.0,-0.009657594381035996,0.7670127284032413,0.8566635667880358,SAME_BAR_MIXED
ES,upper_N10_ema_k1,518,524,0,1042,1042,0.4971209213051823,0.5028790786948176,0.0,-0.005758157389635317,0.876913993247347,0.931044486657677,SAME_BAR_MIXED
ES,upper_N10_ema_k2,483,458,0,941,941,0.5132837407013815,0.4867162592986185,0.0,0.026567481402763018,0.4340085223626741,0.7637413888836622,SAME_BAR_MIXED
ES,upper_N10_ema_k3,453,406,0,859,859,0.5273573923166472,0.47264260768335276,0.0,0.05471478463329453,0.11647966483749202,0.568716360377631,SAME_BAR_MIXED
ES,upper_N10_mean_k0,551,582,8,1141,1133,0.4829097283085013,0.5100788781770377,0.007011393514460999,-0.02716914986853637,0.3727949021302335,0.757529536087832,SAME_BAR_MIXED
ES,upper_N10_mean_k1,511,529,0,1040,1040,0.4913461538461538,0.5086538461538461,0.0,-0.01730769230769231,0.598112299718738,0.8434458638541631,SAME_BAR_MIXED
ES,upper_N10_mean_k2,478,461,0,939,939,0.5090521831735889,0.4909478168264111,0.0,0.01810436634717785,0.6015961884890617,0.8434458638541631,SAME_BAR_MIXED
ES,upper_N10_mean_k3,452,405,0,857,857,0.5274212368728122,0.4725787631271879,0.0,0.05484247374562427,0.11605389046478713,0.568716360377631,SAME_BAR_MIXED
ES,upper_N10_median_k0,561,545,55,1161,1106,0.48320413436692505,0.4694229112833764,0.047372954349698536,0.013781223083548665,0.6519812828901579,0.8434458638541631,SAME_BAR_MIXED
ES,upper_N10_median_k1,546,509,0,1055,1055,0.5175355450236967,0.4824644549763033,0.0,0.035071090047393366,0.2677028192785399,0.6976497714531645,SAME_BAR_MIXED
ES,upper_N10_median_k2,487,465,0,952,952,0.5115546218487395,0.4884453781512605,0.0,0.023109243697478993,0.4961361213004732,0.7757764805789217,SAME_BAR_MIXED
ES,upper_N10_median_k3,437,430,1,868,867,0.5034562211981567,0.49539170506912444,0.001152073732718894,0.008064516129032258,0.838547399430384,0.9065346019716867,SAME_BAR_MIXED
ES,upper_N20_ema_k0,540,579,0,1119,1119,0.48257372654155495,0.517426273458445,0.0,-0.03485254691689008,0.2559570211574697,0.6976497714531645,SAME_BAR_MIXED
ES,upper_N20_ema_k1,488,531,0,1019,1019,0.478900883218842,0.521099116781158,0.0,-0.042198233562315994,0.18824295369202895,0.6762518950518571,SAME_BAR_MIXED
ES,upper_N20_ema_k2,464,457,0,921,921,0.503800217155266,0.496199782844734,0.0,0.00760043431053203,0.8432880018341271,0.9065346019716867,SAME_BAR_MIXED
ES,upper_N20_ema_k3,436,404,0,840,840,0.5190476190476191,0.48095238095238096,0.0,0.0380952380952381,0.2847918536868596,0.720355865207939,SAME_BAR_MIXED
ES,upper_N20_mean_k0,530,583,7,1120,1113,0.4732142857142857,0.5205357142857143,0.00625,-0.04732142857142857,0.11903365682322509,0.568716360377631,SAME_BAR_MIXED
ES,upper_N20_mean_k1,493,520,0,1013,1013,0.4866732477788746,0.5133267522211253,0.0,-0.02665350444225074,0.41399869995497796,0.757529536087832,SAME_BAR_MIXED
ES,upper_N20_mean_k2,486,441,0,927,927,0.5242718446601942,0.47572815533980584,0.0,0.04854368932038835,0.1483761750932256,0.671597424106179,SAME_BAR_MIXED
ES,upper_N20_mean_k3,429,415,0,844,844,0.5082938388625592,0.49170616113744076,0.0,0.016587677725118485,0.6545552040067775,0.8434458638541631,SAME_BAR_MIXED
ES,upper_N20_median_k0,559,541,59,1159,1100,0.4823123382226057,0.46678170836928384,0.05090595340811044,0.015530629853321829,0.6082727096261008,0.8434458638541631,SAME_BAR_MIXED
ES,upper_N20_median_k1,498,538,0,1036,1036,0.4806949806949807,0.5193050193050193,0.0,-0.03861003861003861,0.22562089120803247,0.6976497714531645,SAME_BAR_MIXED
ES,upper_N20_median_k2,469,469,0,938,938,0.5,0.5,0.0,0.0,1.0,1.0,SAME_BAR_MIXED
ES,upper_N20_median_k3,425,437,0,862,862,0.49303944315545245,0.5069605568445475,0.0,-0.013921113689095127,0.7079354428239015,0.8566635667880358,SAME_BAR_MIXED
ES,upper_N5_ema_k0,557,584,1,1142,1141,0.48774080560420313,0.51138353765324,0.0008756567425569177,-0.023642732049036778,0.4414820001300157,0.7637413888836622,SAME_BAR_MIXED
ES,upper_N5_ema_k1,506,540,0,1046,1046,0.4837476099426386,0.5162523900573613,0.0,-0.032504780114722756,0.3075621540531945,0.734731812460409,SAME_BAR_MIXED
ES,upper_N5_ema_k2,489,477,0,966,966,0.5062111801242236,0.4937888198757764,0.0,0.012422360248447204,0.7234194885012992,0.8566635667880358,SAME_BAR_MIXED
ES,upper_N5_ema_k3,449,441,0,890,890,0.5044943820224719,0.49550561797752807,0.0,0.008988764044943821,0.8145038890686441,0.898042749485941,SAME_BAR_MIXED
ES,upper_N5_mean_k0,544,577,25,1146,1121,0.47469458987783597,0.5034904013961605,0.02181500872600349,-0.028795811518324606,0.33919851797200923,0.757529536087832,SAME_BAR_MIXED
ES,upper_N5_mean_k1,512,536,4,1052,1048,0.4866920152091255,0.5095057034220533,0.0038022813688212928,-0.022813688212927757,0.47742864963995174,0.7757764805789217,SAME_BAR_MIXED
ES,upper_N5_mean_k2,484,480,2,966,964,0.5010351966873706,0.4968944099378882,0.002070393374741201,0.004140786749482402,0.9230319796112513,0.9680579298361904,SAME_BAR_MIXED
ES,upper_N5_mean_k3,449,435,1,885,884,0.5073446327683616,0.4915254237288136,0.0011299435028248588,0.015819209039548022,0.6619634741079502,0.8434458638541631,SAME_BAR_MIXED
ES,upper_N5_median_k0,558,520,96,1174,1078,0.4752981260647359,0.44293015332197616,0.0817717206132879,0.03236797274275979,0.2597672173608629,0.6976497714531645,SAME_BAR_MIXED
ES,upper_N5_median_k1,538,525,2,1065,1063,0.5051643192488263,0.49295774647887325,0.0018779342723004694,0.012206572769953052,0.7128496577243224,0.8566635667880358,SAME_BAR_MIXED
ES,upper_N5_median_k2,476,504,4,984,980,0.483739837398374,0.5121951219512195,0.0040650406504065045,-0.028455284552845527,0.3884319746106757,0.757529536087832,SAME_BAR_MIXED
ES,upper_N5_median_k3,443,454,0,897,897,0.4938684503901895,0.5061315496098104,0.0,-0.012263099219620958,0.7384831896299877,0.8566635667880358,SAME_BAR_MIXED
NQ,ON_VWAP_0,512,459,0,971,971,0.5272914521112255,0.4727085478887745,0.0,0.05458290422245108,0.0951143824444519,0.3718107677374029,SAME_BAR_MIXED
NQ,ON_VWAP_m1,440,454,0,894,894,0.49217002237136465,0.5078299776286354,0.0,-0.015659955257270694,0.6637423712527887,0.8809057314124004,SAME_BAR_MIXED
NQ,ON_VWAP_m2,350,368,0,718,718,0.48746518105849584,0.5125348189415042,0.0,-0.025069637883008356,0.5258261909835451,0.7693657699826297,SAME_BAR_MIXED
NQ,ON_VWAP_m3,253,271,0,524,524,0.48282442748091603,0.517175572519084,0.0,-0.03435114503816794,0.45772682258630754,0.7627050449256807,SAME_BAR_MIXED
NQ,ON_VWAP_p1,471,458,0,929,929,0.5069967707212056,0.4930032292787944,0.0,0.013993541442411194,0.6938192794360287,0.8809057314124004,SAME_BAR_MIXED
NQ,ON_VWAP_p2,365,366,0,731,731,0.4993160054719562,0.5006839945280438,0.0,-0.0013679890560875513,1.0,1.0,SAME_BAR_MIXED
NQ,ON_VWAP_p3,295,233,0,528,528,0.5587121212121212,0.4412878787878788,0.0,0.11742424242424243,0.007878572833028692,0.11292621060674457,SAME_BAR_MIXED
NQ,PR_VWAP_0,249,251,0,500,500,0.498,0.502,0.0,-0.004,0.964335354446651,1.0,SAME_BAR_MIXED
NQ,PR_VWAP_m1,207,237,0,444,444,0.46621621621621623,0.5337837837837838,0.0,-0.06756756756756757,0.1686638799300801,0.4835031224662297,SAME_BAR_MIXED
NQ,PR_VWAP_m2,196,180,0,376,376,0.5212765957446809,0.4787234042553192,0.0,0.0425531914893617,0.4392286423129139,0.755473264778212,SAME_BAR_MIXED
NQ,PR_VWAP_m3,134,149,0,283,283,0.4734982332155477,0.5265017667844523,0.0,-0.053003533568904596,0.4053315878032656,0.7408755270887492,SAME_BAR_MIXED
NQ,PR_VWAP_p1,284,243,0,527,527,0.538899430740038,0.46110056925996207,0.0,0.0777988614800759,0.08133554243920882,0.34974283248859794,SAME_BAR_MIXED
NQ,PR_VWAP_p2,249,218,0,467,467,0.5331905781584583,0.4668094218415418,0.0,0.06638115631691649,0.16499584938794165,0.4835031224662297,SAME_BAR_MIXED
NQ,PR_VWAP_p3,157,165,0,322,322,0.48757763975155277,0.5124223602484472,0.0,-0.024844720496894408,0.696530113209805,0.8809057314124004,SAME_BAR_MIXED
NQ,lower_N10_ema_k0,593,514,0,1107,1107,0.5356820234869015,0.4643179765130985,0.0,0.07136404697380307,0.019020151440996478,0.14733979811776338,SAME_BAR_MIXED
NQ,lower_N10_ema_k1,518,490,0,1008,1008,0.5138888888888888,0.4861111111111111,0.0,0.027777777777777776,0.3951024546501622,0.7408755270887492,SAME_BAR_MIXED
NQ,lower_N10_ema_k2,488,439,0,927,927,0.5264293419633226,0.47357065803667747,0.0,0.05285868392664509,0.11485596157513685,0.42946142154181605,SAME_BAR_MIXED
NQ,lower_N10_ema_k3,433,408,0,841,841,0.5148632580261593,0.48513674197384066,0.0,0.029726516052318668,0.40791959943832184,0.7408755270887492,SAME_BAR_MIXED
NQ,lower_N10_mean_k0,579,522,2,1103,1101,0.5249320036264733,0.4732547597461469,0.001813236627379873,0.051677243880326386,0.09142413565838513,0.3718107677374029,SAME_BAR_MIXED
NQ,lower_N10_mean_k1,515,493,0,1008,1008,0.5109126984126984,0.48908730158730157,0.0,0.021825396825396824,0.5083513445262736,0.7693657699826297,SAME_BAR_MIXED
NQ,lower_N10_mean_k2,490,433,0,923,923,0.5308775731310943,0.46912242686890576,0.0,0.06175514626218852,0.0652324421659094,0.31166611257045607,SAME_BAR_MIXED
NQ,lower_N10_mean_k3,424,420,0,844,844,0.5023696682464455,0.4976303317535545,0.0,0.004739336492890996,0.9177612607175345,0.9865933552713496,SAME_BAR_MIXED
NQ,lower_N10_median_k1,519,506,0,1025,1025,0.5063414634146342,0.49365853658536585,0.0,0.012682926829268294,0.707816061715426,0.8822055261960382,SAME_BAR_MIXED
NQ,lower_N10_median_k2,492,445,0,937,937,0.5250800426894343,0.47491995731056563,0.0,0.05016008537886873,0.13285899246391195,0.46920190569201226,SAME_BAR_MIXED
NQ,lower_N10_median_k3,420,436,0,856,856,0.49065420560747663,0.5093457943925234,0.0,-0.018691588785046728,0.6081943743909597,0.8436244548003634,SAME_BAR_MIXED
NQ,lower_N20_ema_k0,587,512,0,1099,1099,0.5341219290263877,0.4658780709736124,0.0,0.06824385805277525,0.025557260994879687,0.16907111119689638,SAME_BAR_MIXED
NQ,lower_N20_ema_k1,511,476,0,987,987,0.5177304964539007,0.48226950354609927,0.0,0.03546099290780142,0.27914258600756064,0.6155451896576978,SAME_BAR_MIXED
NQ,lower_N20_ema_k2,471,436,0,907,907,0.5192943770672547,0.4807056229327453,0.0,0.03858875413450937,0.2589063484566654,0.6012102179151677,SAME_BAR_MIXED
NQ,lower_N20_ema_k3,419,400,0,819,819,0.5115995115995116,0.4884004884004884,0.0,0.0231990231990232,0.529393504665975,0.7693657699826297,SAME_BAR_MIXED
NQ,lower_N20_mean_k0,587,513,0,1100,1100,0.5336363636363637,0.46636363636363637,0.0,0.06727272727272728,0.02768829065497819,0.17008521402343746,SAME_BAR_MIXED
NQ,lower_N20_mean_k1,515,474,0,989,989,0.5207280080889788,0.4792719919110212,0.0,0.041456016177957536,0.20337591960483678,0.530009972303514,SAME_BAR_MIXED
NQ,lower_N20_mean_k2,459,445,0,904,904,0.5077433628318584,0.4922566371681416,0.0,0.015486725663716814,0.6654935212601167,0.8809057314124004,SAME_BAR_MIXED
NQ,lower_N20_mean_k3,405,416,0,821,821,0.4933008526187576,0.5066991473812423,0.0,-0.013398294762484775,0.7271109053982063,0.8933076837749392,SAME_BAR_MIXED
NQ,lower_N20_median_k0,602,500,14,1116,1102,0.5394265232974911,0.44802867383512546,0.012544802867383513,0.0913978494623656,0.002331408250960077,0.050125277395641654,SAME_BAR_MIXED
NQ,lower_N20_median_k1,534,473,0,1007,1007,0.5302879841112215,0.46971201588877853,0.0,0.0605759682224429,0.05860249038657275,0.296459657249721,SAME_BAR_MIXED
NQ,lower_N20_median_k2,456,467,0,923,923,0.49404117009750814,0.5059588299024919,0.0,-0.011917659804983749,0.7420593457978587,0.8988324470227584,SAME_BAR_MIXED
NQ,lower_N20_median_k3,422,414,0,836,836,0.5047846889952153,0.49521531100478466,0.0,0.009569377990430622,0.8087202651400223,0.9032460104161287,SAME_BAR_MIXED
NQ,lower_N5_ema_k0,605,505,1,1111,1110,0.5445544554455446,0.45454545454545453,0.0009000900090009,0.09000900090009001,0.0029467611098564356,0.050684291089530695,SAME_BAR_MIXED
NQ,lower_N5_ema_k1,509,510,0,1019,1019,0.49950932286555444,0.5004906771344455,0.0,-0.0009813542688910696,1.0,1.0,SAME_BAR_MIXED
NQ,lower_N5_ema_k2,483,463,0,946,946,0.5105708245243129,0.4894291754756871,0.0,0.021141649048625793,0.536766816266951,0.7693657699826297,SAME_BAR_MIXED
NQ,lower_N5_ema_k3,459,414,0,873,873,0.5257731958762887,0.4742268041237113,0.0,0.05154639175257732,0.13639590281744543,0.46920190569201226,SAME_BAR_MIXED
NQ,lower_N5_mean_k1,508,509,0,1017,1017,0.4995083579154376,0.5004916420845624,0.0,-0.0009832841691248771,1.0,1.0,SAME_BAR_MIXED
NQ,lower_N5_mean_k2,494,449,0,943,943,0.5238600212089077,0.47613997879109227,0.0,0.04772004241781548,0.15186629057983533,0.4835031224662297,SAME_BAR_MIXED
NQ,lower_N5_mean_k3,455,414,0,869,869,0.523590333716916,0.476409666283084,0.0,0.047180667433831994,0.17477599171831434,0.4848624286379043,SAME_BAR_MIXED
NQ,lower_N5_median_k1,526,504,0,1030,1030,0.5106796116504855,0.4893203883495146,0.0,0.021359223300970873,0.5129150339669435,0.7693657699826297,SAME_BAR_MIXED
NQ,lower_N5_median_k2,498,454,0,952,952,0.523109243697479,0.47689075630252103,0.0,0.046218487394957986,0.16339224101403468,0.4835031224662297,SAME_BAR_MIXED
NQ,lower_N5_median_k3,451,426,0,877,877,0.5142531356898518,0.48574686431014824,0.0,0.028506271379703536,0.41771269589933346,0.7408755270887492,SAME_BAR_MIXED
NQ,upper_N10_ema_k0,533,601,0,1134,1134,0.47001763668430335,0.5299823633156967,0.0,-0.059964726631393295,0.04658603851488895,0.2503999570175281,SAME_BAR_MIXED
NQ,upper_N10_ema_k1,507,526,0,1033,1033,0.49080348499515974,0.5091965150048403,0.0,-0.018393030009680542,0.575470448269403,0.8113189926421092,SAME_BAR_MIXED
NQ,upper_N10_ema_k2,448,483,0,931,931,0.48120300751879697,0.518796992481203,0.0,-0.03759398496240601,0.26513808166319414,0.6012102179151677,SAME_BAR_MIXED
NQ,upper_N10_ema_k3,457,383,0,840,840,0.544047619047619,0.45595238095238094,0.0,0.0880952380952381,0.011732880725551653,0.14414682034249174,SAME_BAR_MIXED
NQ,upper_N10_mean_k0,523,606,1,1130,1129,0.46283185840707963,0.536283185840708,0.0008849557522123894,-0.07345132743362832,0.01463338863001426,0.1464940124305954,SAME_BAR_MIXED
NQ,upper_N10_mean_k1,504,527,0,1031,1031,0.48884578079534435,0.5111542192046556,0.0,-0.02230843840931135,0.4932602089617956,0.7693657699826297,SAME_BAR_MIXED
NQ,upper_N10_mean_k2,457,466,0,923,923,0.49512459371614304,0.504875406283857,0.0,-0.009750812567713976,0.7923185545544904,0.9032460104161287,SAME_BAR_MIXED
NQ,upper_N10_mean_k3,434,404,0,838,838,0.5178997613365155,0.4821002386634845,0.0,0.03579952267303103,0.3164457143364048,0.6803582858232703,SAME_BAR_MIXED
NQ,upper_N10_median_k0,534,595,16,1145,1129,0.4663755458515284,0.519650655021834,0.013973799126637555,-0.05327510917030567,0.07410390537592382,0.3354176769647078,SAME_BAR_MIXED
NQ,upper_N10_median_k1,522,523,0,1045,1045,0.4995215311004785,0.5004784688995215,0.0,-0.0009569377990430622,1.0,1.0,SAME_BAR_MIXED
NQ,upper_N10_median_k2,462,476,0,938,938,0.4925373134328358,0.5074626865671642,0.0,-0.014925373134328358,0.671249276546212,0.8809057314124004,SAME_BAR_MIXED
NQ,upper_N10_median_k3,442,406,0,848,848,0.5212264150943396,0.47877358490566035,0.0,0.04245283018867924,0.22938007119412973,0.5801966506675046,SAME_BAR_MIXED
NQ,upper_N20_ema_k0,522,603,0,1125,1125,0.464,0.536,0.0,-0.072,0.017034187491929698,0.1464940124305954,SAME_BAR_MIXED
NQ,upper_N20_ema_k1,505,514,0,1019,1019,0.4955839057899902,0.5044160942100098,0.0,-0.008832188420019628,0.8021285165259177,0.9032460104161287,SAME_BAR_MIXED
NQ,upper_N20_ema_k2,492,419,0,911,911,0.54006586169045,0.45993413830954993,0.0,0.0801317233809001,0.017009975161519284,0.1464940124305954,SAME_BAR_MIXED
NQ,upper_N20_ema_k3,403,408,0,811,811,0.4969173859432799,0.5030826140567201,0.0,-0.006165228113440197,0.8883085443026562,0.9670194279750435,SAME_BAR_MIXED
NQ,upper_N20_mean_k0,539,583,2,1124,1122,0.4795373665480427,0.5186832740213523,0.0017793594306049821,-0.03914590747330961,0.19921656668401244,0.530009972303514,SAME_BAR_MIXED
NQ,upper_N20_mean_k1,502,516,0,1018,1018,0.4931237721021611,0.5068762278978389,0.0,-0.0137524557956778,0.6837013190699064,0.8809057314124004,SAME_BAR_MIXED
NQ,upper_N20_mean_k2,476,433,0,909,909,0.5236523652365237,0.47634763476347636,0.0,0.047304730473047306,0.16356775012287686,0.4835031224662297,SAME_BAR_MIXED
NQ,upper_N20_mean_k3,395,417,0,812,812,0.48645320197044334,0.5135467980295566,0.0,-0.027093596059113302,0.4611704922806441,0.7627050449256807,SAME_BAR_MIXED
NQ,upper_N20_median_k0,529,598,8,1135,1127,0.466079295154185,0.5268722466960353,0.007048458149779736,-0.06079295154185022,0.04276131872232172,0.24516489400797786,SAME_BAR_MIXED
NQ,upper_N20_median_k1,513,524,0,1037,1037,0.49469623915139826,0.5053037608486017,0.0,-0.010607521697203472,0.756171282610001,0.9032045875619455,SAME_BAR_MIXED
NQ,upper_N20_median_k2,484,449,0,933,933,0.5187566988210075,0.4812433011789925,0.0,0.03751339764201501,0.26565102652065553,0.6012102179151677,SAME_BAR_MIXED
NQ,upper_N20_median_k3,426,401,0,827,827,0.5151148730350665,0.4848851269649335,0.0,0.030229746070133012,0.40397895138314593,0.7408755270887492,SAME_BAR_MIXED
NQ,upper_N5_ema_k0,528,607,0,1135,1135,0.46519823788546255,0.5348017621145374,0.0,-0.06960352422907488,0.020559041597827447,0.14733979811776338,SAME_BAR_MIXED
NQ,upper_N5_ema_k1,511,538,0,1049,1049,0.4871306005719733,0.5128693994280267,0.0,-0.025738798856053385,0.4221267538063803,0.7408755270887492,SAME_BAR_MIXED
NQ,upper_N5_ema_k2,466,489,0,955,955,0.48795811518324606,0.512041884816754,0.0,-0.024083769633507852,0.47654370171678095,0.7693657699826297,SAME_BAR_MIXED
NQ,upper_N5_ema_k3,413,441,0,854,854,0.48360655737704916,0.5163934426229508,0.0,-0.03278688524590164,0.35553440525786556,0.7279990202899151,SAME_BAR_MIXED
NQ,upper_N5_mean_k0,546,586,9,1141,1132,0.4785276073619632,0.5135845749342682,0.007887817703768623,-0.035056967572304996,0.24638122330024115,0.6012102179151677,SAME_BAR_MIXED
NQ,upper_N5_mean_k1,510,537,0,1047,1047,0.4871060171919771,0.5128939828080229,0.0,-0.025787965616045846,0.4216838403620881,0.7408755270887492,SAME_BAR_MIXED
NQ,upper_N5_mean_k2,460,490,0,950,950,0.4842105263157895,0.5157894736842106,0.0,-0.031578947368421054,0.34676909706680326,0.727369325554758,SAME_BAR_MIXED
NQ,upper_N5_mean_k3,433,427,0,860,860,0.5034883720930232,0.4965116279069767,0.0,0.0069767441860465115,0.8646306829271362,0.9533107529709449,SAME_BAR_MIXED
NQ,upper_N5_median_k0,550,573,22,1145,1123,0.48034934497816595,0.5004366812227075,0.01921397379912664,-0.020087336244541485,0.5115222125109177,0.7693657699826297,SAME_BAR_MIXED
NQ,upper_N5_median_k1,531,541,0,1072,1072,0.49533582089552236,0.5046641791044776,0.0,-0.009328358208955223,0.7834226718444701,0.9032460104161287,SAME_BAR_MIXED
NQ,upper_N5_median_k2,473,482,0,955,955,0.4952879581151832,0.5047120418848168,0.0,-0.009424083769633508,0.7957488087097345,0.9032460104161287,SAME_BAR_MIXED
NQ,upper_N5_median_k3,431,430,0,861,861,0.5005807200929152,0.4994192799070848,0.0,0.0011614401858304297,1.0,1.0,SAME_BAR_MIXED
