instrument,level_id,timing_bin,n
ES,ON_VWAP_0,BAR_0930,295
ES,ON_VWAP_0,MINUTES_16_TO_30,103
ES,ON_VWAP_0,MINUTES_2_TO_5,208
ES,ON_VWAP_0,MINUTES_31_TO_60,86
ES,ON_VWAP_0,MINUTES_61_TO_120,80
ES,ON_VWAP_0,MINUTES_6_TO_15,173
ES,ON_VWAP_m1,BAR_0930,259
ES,ON_VWAP_m1,MINUTES_16_TO_30,95
ES,ON_VWAP_m1,MINUTES_2_TO_5,176
ES,ON_VWAP_m1,MINUTES_31_TO_60,98
ES,ON_VWAP_m1,MINUTES_61_TO_120,86
ES,ON_VWAP_m1,MINUTES_6_TO_15,131
ES,ON_VWAP_m2,BAR_0930,74
ES,ON_VWAP_m2,MINUTES_16_TO_30,104
ES,ON_VWAP_m2,MINUTES_2_TO_5,116
ES,ON_VWAP_m2,MINUTES_31_TO_60,116
ES,ON_VWAP_m2,MINUTES_61_TO_120,110
ES,ON_VWAP_m2,MINUTES_6_TO_15,113
ES,ON_VWAP_m3,BAR_0930,6
ES,ON_VWAP_m3,MINUTES_16_TO_30,81
ES,ON_VWAP_m3,MINUTES_2_TO_5,43
ES,ON_VWAP_m3,MINUTES_31_TO_60,132
ES,ON_VWAP_m3,MINUTES_61_TO_120,110
ES,ON_VWAP_m3,MINUTES_6_TO_15,86
ES,ON_VWAP_p1,BAR_0930,278
ES,ON_VWAP_p1,MINUTES_16_TO_30,111
ES,ON_VWAP_p1,MINUTES_2_TO_5,213
ES,ON_VWAP_p1,MINUTES_31_TO_60,80
ES,ON_VWAP_p1,MINUTES_61_TO_120,69
ES,ON_VWAP_p1,MINUTES_6_TO_15,135
ES,ON_VWAP_p2,BAR_0930,87
ES,ON_VWAP_p2,MINUTES_16_TO_30,107
ES,ON_VWAP_p2,MINUTES_2_TO_5,121
ES,ON_VWAP_p2,MINUTES_31_TO_60,122
ES,ON_VWAP_p2,MINUTES_61_TO_120,94
ES,ON_VWAP_p2,MINUTES_6_TO_15,140
ES,ON_VWAP_p3,BAR_0930,15
ES,ON_VWAP_p3,MINUTES_16_TO_30,92
ES,ON_VWAP_p3,MINUTES_2_TO_5,36
ES,ON_VWAP_p3,MINUTES_31_TO_60,107
ES,ON_VWAP_p3,MINUTES_61_TO_120,115
ES,ON_VWAP_p3,MINUTES_6_TO_15,73
ES,PR_VWAP_0,BAR_0930,80
ES,PR_VWAP_0,MINUTES_16_TO_30,69
ES,PR_VWAP_0,MINUTES_2_TO_5,58
ES,PR_VWAP_0,MINUTES_31_TO_60,94
ES,PR_VWAP_0,MINUTES_61_TO_120,98
ES,PR_VWAP_0,MINUTES_6_TO_15,77
ES,PR_VWAP_m1,BAR_0930,67
ES,PR_VWAP_m1,MINUTES_16_TO_30,64
ES,PR_VWAP_m1,MINUTES_2_TO_5,68
ES,PR_VWAP_m1,MINUTES_31_TO_60,70
ES,PR_VWAP_m1,MINUTES_61_TO_120,91
ES,PR_VWAP_m1,MINUTES_6_TO_15,69
ES,PR_VWAP_m2,BAR_0930,53
ES,PR_VWAP_m2,MINUTES_16_TO_30,54
ES,PR_VWAP_m2,MINUTES_2_TO_5,56
ES,PR_VWAP_m2,MINUTES_31_TO_60,66
ES,PR_VWAP_m2,MINUTES_61_TO_120,60
ES,PR_VWAP_m2,MINUTES_6_TO_15,39
ES,PR_VWAP_m3,BAR_0930,28
ES,PR_VWAP_m3,MINUTES_16_TO_30,36
ES,PR_VWAP_m3,MINUTES_2_TO_5,37
ES,PR_VWAP_m3,MINUTES_31_TO_60,46
ES,PR_VWAP_m3,MINUTES_61_TO_120,58
ES,PR_VWAP_m3,MINUTES_6_TO_15,41
ES,PR_VWAP_p1,BAR_0930,78
ES,PR_VWAP_p1,MINUTES_16_TO_30,72
ES,PR_VWAP_p1,MINUTES_2_TO_5,88
ES,PR_VWAP_p1,MINUTES_31_TO_60,85
ES,PR_VWAP_p1,MINUTES_61_TO_120,79
ES,PR_VWAP_p1,MINUTES_6_TO_15,78
ES,PR_VWAP_p2,BAR_0930,68
ES,PR_VWAP_p2,MINUTES_16_TO_30,55
ES,PR_VWAP_p2,MINUTES_2_TO_5,59
ES,PR_VWAP_p2,MINUTES_31_TO_60,64
ES,PR_VWAP_p2,MINUTES_61_TO_120,83
ES,PR_VWAP_p2,MINUTES_6_TO_15,65
ES,PR_VWAP_p3,BAR_0930,58
ES,PR_VWAP_p3,MINUTES_16_TO_30,54
ES,PR_VWAP_p3,MINUTES_2_TO_5,44
ES,PR_VWAP_p3,MINUTES_31_TO_60,63
ES,PR_VWAP_p3,MINUTES_61_TO_120,49
ES,PR_VWAP_p3,MINUTES_6_TO_15,59
ES,lower_N10_ema_k0,BAR_0930,521
ES,lower_N10_ema_k0,MINUTES_16_TO_30,59
ES,lower_N10_ema_k0,MINUTES_2_TO_5,350
ES,lower_N10_ema_k0,MINUTES_31_TO_60,45
ES,lower_N10_ema_k0,MINUTES_61_TO_120,21
ES,lower_N10_ema_k0,MINUTES_6_TO_15,117
ES,lower_N10_ema_k1,BAR_0930,231
ES,lower_N10_ema_k1,MINUTES_16_TO_30,94
ES,lower_N10_ema_k1,MINUTES_2_TO_5,408
ES,lower_N10_ema_k1,MINUTES_31_TO_60,66
ES,lower_N10_ema_k1,MINUTES_61_TO_120,36
ES,lower_N10_ema_k1,MINUTES_6_TO_15,190
ES,lower_N10_ema_k2,BAR_0930,112
ES,lower_N10_ema_k2,MINUTES_16_TO_30,125
ES,lower_N10_ema_k2,MINUTES_2_TO_5,329
ES,lower_N10_ema_k2,MINUTES_31_TO_60,91
ES,lower_N10_ema_k2,MINUTES_61_TO_120,52
ES,lower_N10_ema_k2,MINUTES_6_TO_15,228
ES,lower_N10_ema_k3,BAR_0930,63
ES,lower_N10_ema_k3,MINUTES_16_TO_30,144
ES,lower_N10_ema_k3,MINUTES_2_TO_5,234
ES,lower_N10_ema_k3,MINUTES_31_TO_60,129
ES,lower_N10_ema_k3,MINUTES_61_TO_120,67
ES,lower_N10_ema_k3,MINUTES_6_TO_15,232
ES,lower_N10_mean_k0,BAR_0930,540
ES,lower_N10_mean_k0,MINUTES_16_TO_30,54
ES,lower_N10_mean_k0,MINUTES_2_TO_5,343
ES,lower_N10_mean_k0,MINUTES_31_TO_60,42
ES,lower_N10_mean_k0,MINUTES_61_TO_120,24
ES,lower_N10_mean_k0,MINUTES_6_TO_15,111
ES,lower_N10_mean_k1,BAR_0930,234
ES,lower_N10_mean_k1,MINUTES_16_TO_30,94
ES,lower_N10_mean_k1,MINUTES_2_TO_5,399
ES,lower_N10_mean_k1,MINUTES_31_TO_60,68
ES,lower_N10_mean_k1,MINUTES_61_TO_120,38
ES,lower_N10_mean_k1,MINUTES_6_TO_15,196
ES,lower_N10_mean_k2,BAR_0930,110
ES,lower_N10_mean_k2,MINUTES_16_TO_30,125
ES,lower_N10_mean_k2,MINUTES_2_TO_5,343
ES,lower_N10_mean_k2,MINUTES_31_TO_60,91
ES,lower_N10_mean_k2,MINUTES_61_TO_120,49
ES,lower_N10_mean_k2,MINUTES_6_TO_15,224
ES,lower_N10_mean_k3,BAR_0930,63
ES,lower_N10_mean_k3,MINUTES_16_TO_30,141
ES,lower_N10_mean_k3,MINUTES_2_TO_5,241
ES,lower_N10_mean_k3,MINUTES_31_TO_60,124
ES,lower_N10_mean_k3,MINUTES_61_TO_120,67
ES,lower_N10_mean_k3,MINUTES_6_TO_15,231
ES,lower_N10_median_k0,BAR_0930,672
ES,lower_N10_median_k0,MINUTES_16_TO_30,47
ES,lower_N10_median_k0,MINUTES_2_TO_5,275
ES,lower_N10_median_k0,MINUTES_31_TO_60,38
ES,lower_N10_median_k0,MINUTES_61_TO_120,18
ES,lower_N10_median_k0,MINUTES_6_TO_15,89
ES,lower_N10_median_k1,BAR_0930,277
ES,lower_N10_median_k1,MINUTES_16_TO_30,81
ES,lower_N10_median_k1,MINUTES_2_TO_5,410
ES,lower_N10_median_k1,MINUTES_31_TO_60,63
ES,lower_N10_median_k1,MINUTES_61_TO_120,33
ES,lower_N10_median_k1,MINUTES_6_TO_15,180
ES,lower_N10_median_k2,BAR_0930,128
ES,lower_N10_median_k2,MINUTES_16_TO_30,117
ES,lower_N10_median_k2,MINUTES_2_TO_5,359
ES,lower_N10_median_k2,MINUTES_31_TO_60,85
ES,lower_N10_median_k2,MINUTES_61_TO_120,50
ES,lower_N10_median_k2,MINUTES_6_TO_15,223
ES,lower_N10_median_k3,BAR_0930,67
ES,lower_N10_median_k3,MINUTES_16_TO_30,142
ES,lower_N10_median_k3,MINUTES_2_TO_5,257
ES,lower_N10_median_k3,MINUTES_31_TO_60,116
ES,lower_N10_median_k3,MINUTES_61_TO_120,68
ES,lower_N10_median_k3,MINUTES_6_TO_15,232
ES,lower_N20_ema_k0,BAR_0930,516
ES,lower_N20_ema_k0,MINUTES_16_TO_30,49
ES,lower_N20_ema_k0,MINUTES_2_TO_5,351
ES,lower_N20_ema_k0,MINUTES_31_TO_60,47
ES,lower_N20_ema_k0,MINUTES_61_TO_120,23
ES,lower_N20_ema_k0,MINUTES_6_TO_15,120
ES,lower_N20_ema_k1,BAR_0930,202
ES,lower_N20_ema_k1,MINUTES_16_TO_30,100
ES,lower_N20_ema_k1,MINUTES_2_TO_5,403
ES,lower_N20_ema_k1,MINUTES_31_TO_60,65
ES,lower_N20_ema_k1,MINUTES_61_TO_120,41
ES,lower_N20_ema_k1,MINUTES_6_TO_15,198
ES,lower_N20_ema_k2,BAR_0930,87
ES,lower_N20_ema_k2,MINUTES_16_TO_30,132
ES,lower_N20_ema_k2,MINUTES_2_TO_5,310
ES,lower_N20_ema_k2,MINUTES_31_TO_60,93
ES,lower_N20_ema_k2,MINUTES_61_TO_120,57
ES,lower_N20_ema_k2,MINUTES_6_TO_15,234
ES,lower_N20_ema_k3,BAR_0930,43
ES,lower_N20_ema_k3,MINUTES_16_TO_30,134
ES,lower_N20_ema_k3,MINUTES_2_TO_5,215
ES,lower_N20_ema_k3,MINUTES_31_TO_60,133
ES,lower_N20_ema_k3,MINUTES_61_TO_120,79
ES,lower_N20_ema_k3,MINUTES_6_TO_15,237
ES,lower_N20_mean_k0,BAR_0930,519
ES,lower_N20_mean_k0,MINUTES_16_TO_30,51
ES,lower_N20_mean_k0,MINUTES_2_TO_5,351
ES,lower_N20_mean_k0,MINUTES_31_TO_60,46
ES,lower_N20_mean_k0,MINUTES_61_TO_120,24
ES,lower_N20_mean_k0,MINUTES_6_TO_15,117
ES,lower_N20_mean_k1,BAR_0930,206
ES,lower_N20_mean_k1,MINUTES_16_TO_30,99
ES,lower_N20_mean_k1,MINUTES_2_TO_5,395
ES,lower_N20_mean_k1,MINUTES_31_TO_60,68
ES,lower_N20_mean_k1,MINUTES_61_TO_120,39
ES,lower_N20_mean_k1,MINUTES_6_TO_15,196
ES,lower_N20_mean_k2,BAR_0930,88
ES,lower_N20_mean_k2,MINUTES_16_TO_30,135
ES,lower_N20_mean_k2,MINUTES_2_TO_5,316
ES,lower_N20_mean_k2,MINUTES_31_TO_60,93
ES,lower_N20_mean_k2,MINUTES_61_TO_120,57
ES,lower_N20_mean_k2,MINUTES_6_TO_15,229
ES,lower_N20_mean_k3,BAR_0930,43
ES,lower_N20_mean_k3,MINUTES_16_TO_30,132
ES,lower_N20_mean_k3,MINUTES_2_TO_5,218
ES,lower_N20_mean_k3,MINUTES_31_TO_60,130
ES,lower_N20_mean_k3,MINUTES_61_TO_120,78
ES,lower_N20_mean_k3,MINUTES_6_TO_15,239
ES,lower_N20_median_k0,BAR_0930,666
ES,lower_N20_median_k0,MINUTES_16_TO_30,41
ES,lower_N20_median_k0,MINUTES_2_TO_5,280
ES,lower_N20_median_k0,MINUTES_31_TO_60,45
ES,lower_N20_median_k0,MINUTES_61_TO_120,17
ES,lower_N20_median_k0,MINUTES_6_TO_15,88
ES,lower_N20_median_k1,BAR_0930,263
ES,lower_N20_median_k1,MINUTES_16_TO_30,86
ES,lower_N20_median_k1,MINUTES_2_TO_5,396
ES,lower_N20_median_k1,MINUTES_31_TO_60,61
ES,lower_N20_median_k1,MINUTES_61_TO_120,40
ES,lower_N20_median_k1,MINUTES_6_TO_15,184
ES,lower_N20_median_k2,BAR_0930,109
ES,lower_N20_median_k2,MINUTES_16_TO_30,128
ES,lower_N20_median_k2,MINUTES_2_TO_5,334
ES,lower_N20_median_k2,MINUTES_31_TO_60,82
ES,lower_N20_median_k2,MINUTES_61_TO_120,54
ES,lower_N20_median_k2,MINUTES_6_TO_15,223
ES,lower_N20_median_k3,BAR_0930,52
ES,lower_N20_median_k3,MINUTES_16_TO_30,131
ES,lower_N20_median_k3,MINUTES_2_TO_5,234
ES,lower_N20_median_k3,MINUTES_31_TO_60,126
ES,lower_N20_median_k3,MINUTES_61_TO_120,70
ES,lower_N20_median_k3,MINUTES_6_TO_15,240
ES,lower_N5_ema_k0,BAR_0930,555
ES,lower_N5_ema_k0,MINUTES_16_TO_30,54
ES,lower_N5_ema_k0,MINUTES_2_TO_5,334
ES,lower_N5_ema_k0,MINUTES_31_TO_60,45
ES,lower_N5_ema_k0,MINUTES_61_TO_120,21
ES,lower_N5_ema_k0,MINUTES_6_TO_15,115
ES,lower_N5_ema_k1,BAR_0930,277
ES,lower_N5_ema_k1,MINUTES_16_TO_30,84
ES,lower_N5_ema_k1,MINUTES_2_TO_5,395
ES,lower_N5_ema_k1,MINUTES_31_TO_60,66
ES,lower_N5_ema_k1,MINUTES_61_TO_120,38
ES,lower_N5_ema_k1,MINUTES_6_TO_15,179
ES,lower_N5_ema_k2,BAR_0930,149
ES,lower_N5_ema_k2,MINUTES_16_TO_30,110
ES,lower_N5_ema_k2,MINUTES_2_TO_5,339
ES,lower_N5_ema_k2,MINUTES_31_TO_60,92
ES,lower_N5_ema_k2,MINUTES_61_TO_120,52
ES,lower_N5_ema_k2,MINUTES_6_TO_15,217
ES,lower_N5_ema_k3,BAR_0930,95
ES,lower_N5_ema_k3,MINUTES_16_TO_30,131
ES,lower_N5_ema_k3,MINUTES_2_TO_5,258
ES,lower_N5_ema_k3,MINUTES_31_TO_60,119
ES,lower_N5_ema_k3,MINUTES_61_TO_120,69
ES,lower_N5_ema_k3,MINUTES_6_TO_15,218
ES,lower_N5_mean_k0,BAR_0930,570
ES,lower_N5_mean_k0,MINUTES_16_TO_30,52
ES,lower_N5_mean_k0,MINUTES_2_TO_5,327
ES,lower_N5_mean_k0,MINUTES_31_TO_60,44
ES,lower_N5_mean_k0,MINUTES_61_TO_120,17
ES,lower_N5_mean_k0,MINUTES_6_TO_15,113
ES,lower_N5_mean_k1,BAR_0930,275
ES,lower_N5_mean_k1,MINUTES_16_TO_30,85
ES,lower_N5_mean_k1,MINUTES_2_TO_5,395
ES,lower_N5_mean_k1,MINUTES_31_TO_60,66
ES,lower_N5_mean_k1,MINUTES_61_TO_120,39
ES,lower_N5_mean_k1,MINUTES_6_TO_15,172
ES,lower_N5_mean_k2,BAR_0930,148
ES,lower_N5_mean_k2,MINUTES_16_TO_30,102
ES,lower_N5_mean_k2,MINUTES_2_TO_5,342
ES,lower_N5_mean_k2,MINUTES_31_TO_60,98
ES,lower_N5_mean_k2,MINUTES_61_TO_120,51
ES,lower_N5_mean_k2,MINUTES_6_TO_15,217
ES,lower_N5_mean_k3,BAR_0930,92
ES,lower_N5_mean_k3,MINUTES_16_TO_30,125
ES,lower_N5_mean_k3,MINUTES_2_TO_5,262
ES,lower_N5_mean_k3,MINUTES_31_TO_60,118
ES,lower_N5_mean_k3,MINUTES_61_TO_120,65
ES,lower_N5_mean_k3,MINUTES_6_TO_15,226
ES,lower_N5_median_k0,BAR_0930,694
ES,lower_N5_median_k0,MINUTES_16_TO_30,34
ES,lower_N5_median_k0,MINUTES_2_TO_5,283
ES,lower_N5_median_k0,MINUTES_31_TO_60,41
ES,lower_N5_median_k0,MINUTES_61_TO_120,14
ES,lower_N5_median_k0,MINUTES_6_TO_15,89
ES,lower_N5_median_k1,BAR_0930,319
ES,lower_N5_median_k1,MINUTES_16_TO_30,82
ES,lower_N5_median_k1,MINUTES_2_TO_5,398
ES,lower_N5_median_k1,MINUTES_31_TO_60,63
ES,lower_N5_median_k1,MINUTES_61_TO_120,34
ES,lower_N5_median_k1,MINUTES_6_TO_15,161
ES,lower_N5_median_k2,BAR_0930,160
ES,lower_N5_median_k2,MINUTES_16_TO_30,102
ES,lower_N5_median_k2,MINUTES_2_TO_5,358
ES,lower_N5_median_k2,MINUTES_31_TO_60,97
ES,lower_N5_median_k2,MINUTES_61_TO_120,48
ES,lower_N5_median_k2,MINUTES_6_TO_15,208
ES,lower_N5_median_k3,BAR_0930,99
ES,lower_N5_median_k3,MINUTES_16_TO_30,131
ES,lower_N5_median_k3,MINUTES_2_TO_5,277
ES,lower_N5_median_k3,MINUTES_31_TO_60,110
ES,lower_N5_median_k3,MINUTES_61_TO_120,65
ES,lower_N5_median_k3,MINUTES_6_TO_15,219
ES,upper_N10_ema_k0,BAR_0930,545
ES,upper_N10_ema_k0,MINUTES_16_TO_30,58
ES,upper_N10_ema_k0,MINUTES_2_TO_5,304
ES,upper_N10_ema_k0,MINUTES_31_TO_60,50
ES,upper_N10_ema_k0,MINUTES_61_TO_120,38
ES,upper_N10_ema_k0,MINUTES_6_TO_15,144
ES,upper_N10_ema_k1,BAR_0930,233
ES,upper_N10_ema_k1,MINUTES_16_TO_30,108
ES,upper_N10_ema_k1,MINUTES_2_TO_5,376
ES,upper_N10_ema_k1,MINUTES_31_TO_60,79
ES,upper_N10_ema_k1,MINUTES_61_TO_120,69
ES,upper_N10_ema_k1,MINUTES_6_TO_15,177
ES,upper_N10_ema_k2,BAR_0930,107
ES,upper_N10_ema_k2,MINUTES_16_TO_30,131
ES,upper_N10_ema_k2,MINUTES_2_TO_5,311
ES,upper_N10_ema_k2,MINUTES_31_TO_60,100
ES,upper_N10_ema_k2,MINUTES_61_TO_120,81
ES,upper_N10_ema_k2,MINUTES_6_TO_15,211
ES,upper_N10_ema_k3,BAR_0930,42
ES,upper_N10_ema_k3,MINUTES_16_TO_30,121
ES,upper_N10_ema_k3,MINUTES_2_TO_5,246
ES,upper_N10_ema_k3,MINUTES_31_TO_60,117
ES,upper_N10_ema_k3,MINUTES_61_TO_120,100
ES,upper_N10_ema_k3,MINUTES_6_TO_15,233
ES,upper_N10_mean_k0,BAR_0930,539
ES,upper_N10_mean_k0,MINUTES_16_TO_30,65
ES,upper_N10_mean_k0,MINUTES_2_TO_5,312
ES,upper_N10_mean_k0,MINUTES_31_TO_60,53
ES,upper_N10_mean_k0,MINUTES_61_TO_120,38
ES,upper_N10_mean_k0,MINUTES_6_TO_15,134
ES,upper_N10_mean_k1,BAR_0930,236
ES,upper_N10_mean_k1,MINUTES_16_TO_30,109
ES,upper_N10_mean_k1,MINUTES_2_TO_5,370
ES,upper_N10_mean_k1,MINUTES_31_TO_60,79
ES,upper_N10_mean_k1,MINUTES_61_TO_120,70
ES,upper_N10_mean_k1,MINUTES_6_TO_15,176
ES,upper_N10_mean_k2,BAR_0930,105
ES,upper_N10_mean_k2,MINUTES_16_TO_30,128
ES,upper_N10_mean_k2,MINUTES_2_TO_5,312
ES,upper_N10_mean_k2,MINUTES_31_TO_60,99
ES,upper_N10_mean_k2,MINUTES_61_TO_120,78
ES,upper_N10_mean_k2,MINUTES_6_TO_15,217
ES,upper_N10_mean_k3,BAR_0930,42
ES,upper_N10_mean_k3,MINUTES_16_TO_30,124
ES,upper_N10_mean_k3,MINUTES_2_TO_5,242
ES,upper_N10_mean_k3,MINUTES_31_TO_60,115
ES,upper_N10_mean_k3,MINUTES_61_TO_120,101
ES,upper_N10_mean_k3,MINUTES_6_TO_15,233
ES,upper_N10_median_k0,BAR_0930,663
ES,upper_N10_median_k0,MINUTES_16_TO_30,48
ES,upper_N10_median_k0,MINUTES_2_TO_5,262
ES,upper_N10_median_k0,MINUTES_31_TO_60,47
ES,upper_N10_median_k0,MINUTES_61_TO_120,33
ES,upper_N10_median_k0,MINUTES_6_TO_15,108
ES,upper_N10_median_k1,BAR_0930,285
ES,upper_N10_median_k1,MINUTES_16_TO_30,105
ES,upper_N10_median_k1,MINUTES_2_TO_5,366
ES,upper_N10_median_k1,MINUTES_31_TO_60,69
ES,upper_N10_median_k1,MINUTES_61_TO_120,63
ES,upper_N10_median_k1,MINUTES_6_TO_15,167
ES,upper_N10_median_k2,BAR_0930,120
ES,upper_N10_median_k2,MINUTES_16_TO_30,123
ES,upper_N10_median_k2,MINUTES_2_TO_5,327
ES,upper_N10_median_k2,MINUTES_31_TO_60,97
ES,upper_N10_median_k2,MINUTES_61_TO_120,76
ES,upper_N10_median_k2,MINUTES_6_TO_15,209
ES,upper_N10_median_k3,BAR_0930,48
ES,upper_N10_median_k3,MINUTES_16_TO_30,127
ES,upper_N10_median_k3,MINUTES_2_TO_5,257
ES,upper_N10_median_k3,MINUTES_31_TO_60,109
ES,upper_N10_median_k3,MINUTES_61_TO_120,97
ES,upper_N10_median_k3,MINUTES_6_TO_15,230
ES,upper_N20_ema_k0,BAR_0930,524
ES,upper_N20_ema_k0,MINUTES_16_TO_30,56
ES,upper_N20_ema_k0,MINUTES_2_TO_5,312
ES,upper_N20_ema_k0,MINUTES_31_TO_60,49
ES,upper_N20_ema_k0,MINUTES_61_TO_120,35
ES,upper_N20_ema_k0,MINUTES_6_TO_15,143
ES,upper_N20_ema_k1,BAR_0930,211
ES,upper_N20_ema_k1,MINUTES_16_TO_30,99
ES,upper_N20_ema_k1,MINUTES_2_TO_5,378
ES,upper_N20_ema_k1,MINUTES_31_TO_60,81
ES,upper_N20_ema_k1,MINUTES_61_TO_120,71
ES,upper_N20_ema_k1,MINUTES_6_TO_15,179
ES,upper_N20_ema_k2,BAR_0930,86
ES,upper_N20_ema_k2,MINUTES_16_TO_30,130
ES,upper_N20_ema_k2,MINUTES_2_TO_5,314
ES,upper_N20_ema_k2,MINUTES_31_TO_60,101
ES,upper_N20_ema_k2,MINUTES_61_TO_120,82
ES,upper_N20_ema_k2,MINUTES_6_TO_15,208
ES,upper_N20_ema_k3,BAR_0930,37
ES,upper_N20_ema_k3,MINUTES_16_TO_30,126
ES,upper_N20_ema_k3,MINUTES_2_TO_5,229
ES,upper_N20_ema_k3,MINUTES_31_TO_60,118
ES,upper_N20_ema_k3,MINUTES_61_TO_120,98
ES,upper_N20_ema_k3,MINUTES_6_TO_15,232
ES,upper_N20_mean_k0,BAR_0930,531
ES,upper_N20_mean_k0,MINUTES_16_TO_30,57
ES,upper_N20_mean_k0,MINUTES_2_TO_5,314
ES,upper_N20_mean_k0,MINUTES_31_TO_60,48
ES,upper_N20_mean_k0,MINUTES_61_TO_120,35
ES,upper_N20_mean_k0,MINUTES_6_TO_15,135
ES,upper_N20_mean_k1,BAR_0930,213
ES,upper_N20_mean_k1,MINUTES_16_TO_30,100
ES,upper_N20_mean_k1,MINUTES_2_TO_5,376
ES,upper_N20_mean_k1,MINUTES_31_TO_60,75
ES,upper_N20_mean_k1,MINUTES_61_TO_120,69
ES,upper_N20_mean_k1,MINUTES_6_TO_15,180
ES,upper_N20_mean_k2,BAR_0930,86
ES,upper_N20_mean_k2,MINUTES_16_TO_30,133
ES,upper_N20_mean_k2,MINUTES_2_TO_5,322
ES,upper_N20_mean_k2,MINUTES_31_TO_60,98
ES,upper_N20_mean_k2,MINUTES_61_TO_120,84
ES,upper_N20_mean_k2,MINUTES_6_TO_15,204
ES,upper_N20_mean_k3,BAR_0930,39
ES,upper_N20_mean_k3,MINUTES_16_TO_30,128
ES,upper_N20_mean_k3,MINUTES_2_TO_5,224
ES,upper_N20_mean_k3,MINUTES_31_TO_60,119
ES,upper_N20_mean_k3,MINUTES_61_TO_120,99
ES,upper_N20_mean_k3,MINUTES_6_TO_15,235
ES,upper_N20_median_k0,BAR_0930,665
ES,upper_N20_median_k0,MINUTES_16_TO_30,43
ES,upper_N20_median_k0,MINUTES_2_TO_5,264
ES,upper_N20_median_k0,MINUTES_31_TO_60,37
ES,upper_N20_median_k0,MINUTES_61_TO_120,35
ES,upper_N20_median_k0,MINUTES_6_TO_15,115
ES,upper_N20_median_k1,BAR_0930,268
ES,upper_N20_median_k1,MINUTES_16_TO_30,98
ES,upper_N20_median_k1,MINUTES_2_TO_5,376
ES,upper_N20_median_k1,MINUTES_31_TO_60,68
ES,upper_N20_median_k1,MINUTES_61_TO_120,59
ES,upper_N20_median_k1,MINUTES_6_TO_15,167
ES,upper_N20_median_k2,BAR_0930,99
ES,upper_N20_median_k2,MINUTES_16_TO_30,124
ES,upper_N20_median_k2,MINUTES_2_TO_5,351
ES,upper_N20_median_k2,MINUTES_31_TO_60,94
ES,upper_N20_median_k2,MINUTES_61_TO_120,80
ES,upper_N20_median_k2,MINUTES_6_TO_15,190
ES,upper_N20_median_k3,BAR_0930,43
ES,upper_N20_median_k3,MINUTES_16_TO_30,125
ES,upper_N20_median_k3,MINUTES_2_TO_5,255
ES,upper_N20_median_k3,MINUTES_31_TO_60,118
ES,upper_N20_median_k3,MINUTES_61_TO_120,96
ES,upper_N20_median_k3,MINUTES_6_TO_15,225
ES,upper_N5_ema_k0,BAR_0930,562
ES,upper_N5_ema_k0,MINUTES_16_TO_30,52
ES,upper_N5_ema_k0,MINUTES_2_TO_5,303
ES,upper_N5_ema_k0,MINUTES_31_TO_60,48
ES,upper_N5_ema_k0,MINUTES_61_TO_120,42
ES,upper_N5_ema_k0,MINUTES_6_TO_15,136
ES,upper_N5_ema_k1,BAR_0930,274
ES,upper_N5_ema_k1,MINUTES_16_TO_30,103
ES,upper_N5_ema_k1,MINUTES_2_TO_5,359
ES,upper_N5_ema_k1,MINUTES_31_TO_60,74
ES,upper_N5_ema_k1,MINUTES_61_TO_120,56
ES,upper_N5_ema_k1,MINUTES_6_TO_15,180
ES,upper_N5_ema_k2,BAR_0930,141
ES,upper_N5_ema_k2,MINUTES_16_TO_30,122
ES,upper_N5_ema_k2,MINUTES_2_TO_5,317
ES,upper_N5_ema_k2,MINUTES_31_TO_60,104
ES,upper_N5_ema_k2,MINUTES_61_TO_120,74
ES,upper_N5_ema_k2,MINUTES_6_TO_15,208
ES,upper_N5_ema_k3,BAR_0930,71
ES,upper_N5_ema_k3,MINUTES_16_TO_30,130
ES,upper_N5_ema_k3,MINUTES_2_TO_5,254
ES,upper_N5_ema_k3,MINUTES_31_TO_60,121
ES,upper_N5_ema_k3,MINUTES_61_TO_120,89
ES,upper_N5_ema_k3,MINUTES_6_TO_15,225
ES,upper_N5_mean_k0,BAR_0930,567
ES,upper_N5_mean_k0,MINUTES_16_TO_30,55
ES,upper_N5_mean_k0,MINUTES_2_TO_5,308
ES,upper_N5_mean_k0,MINUTES_31_TO_60,44
ES,upper_N5_mean_k0,MINUTES_61_TO_120,38
ES,upper_N5_mean_k0,MINUTES_6_TO_15,134
ES,upper_N5_mean_k1,BAR_0930,267
ES,upper_N5_mean_k1,MINUTES_16_TO_30,102
ES,upper_N5_mean_k1,MINUTES_2_TO_5,363
ES,upper_N5_mean_k1,MINUTES_31_TO_60,78
ES,upper_N5_mean_k1,MINUTES_61_TO_120,59
ES,upper_N5_mean_k1,MINUTES_6_TO_15,183
ES,upper_N5_mean_k2,BAR_0930,140
ES,upper_N5_mean_k2,MINUTES_16_TO_30,124
ES,upper_N5_mean_k2,MINUTES_2_TO_5,317
ES,upper_N5_mean_k2,MINUTES_31_TO_60,101
ES,upper_N5_mean_k2,MINUTES_61_TO_120,74
ES,upper_N5_mean_k2,MINUTES_6_TO_15,210
ES,upper_N5_mean_k3,BAR_0930,66
ES,upper_N5_mean_k3,MINUTES_16_TO_30,134
ES,upper_N5_mean_k3,MINUTES_2_TO_5,252
ES,upper_N5_mean_k3,MINUTES_31_TO_60,119
ES,upper_N5_mean_k3,MINUTES_61_TO_120,90
ES,upper_N5_mean_k3,MINUTES_6_TO_15,224
ES,upper_N5_median_k0,BAR_0930,705
ES,upper_N5_median_k0,MINUTES_16_TO_30,46
ES,upper_N5_median_k0,MINUTES_2_TO_5,240
ES,upper_N5_median_k0,MINUTES_31_TO_60,38
ES,upper_N5_median_k0,MINUTES_61_TO_120,39
ES,upper_N5_median_k0,MINUTES_6_TO_15,106
ES,upper_N5_median_k1,BAR_0930,316
ES,upper_N5_median_k1,MINUTES_16_TO_30,96
ES,upper_N5_median_k1,MINUTES_2_TO_5,366
ES,upper_N5_median_k1,MINUTES_31_TO_60,69
ES,upper_N5_median_k1,MINUTES_61_TO_120,56
ES,upper_N5_median_k1,MINUTES_6_TO_15,162
ES,upper_N5_median_k2,BAR_0930,149
ES,upper_N5_median_k2,MINUTES_16_TO_30,123
ES,upper_N5_median_k2,MINUTES_2_TO_5,322
ES,upper_N5_median_k2,MINUTES_31_TO_60,99
ES,upper_N5_median_k2,MINUTES_61_TO_120,77
ES,upper_N5_median_k2,MINUTES_6_TO_15,214
ES,upper_N5_median_k3,BAR_0930,80
ES,upper_N5_median_k3,MINUTES_16_TO_30,132
ES,upper_N5_median_k3,MINUTES_2_TO_5,263
ES,upper_N5_median_k3,MINUTES_31_TO_60,117
ES,upper_N5_median_k3,MINUTES_61_TO_120,89
ES,upper_N5_median_k3,MINUTES_6_TO_15,216
NQ,ON_VWAP_0,BAR_0930,335
NQ,ON_VWAP_0,MINUTES_16_TO_30,104
NQ,ON_VWAP_0,MINUTES_2_TO_5,253
NQ,ON_VWAP_0,MINUTES_31_TO_60,79
NQ,ON_VWAP_0,MINUTES_61_TO_120,62
NQ,ON_VWAP_0,MINUTES_6_TO_15,153
NQ,ON_VWAP_m1,BAR_0930,281
NQ,ON_VWAP_m1,MINUTES_16_TO_30,91
NQ,ON_VWAP_m1,MINUTES_2_TO_5,230
NQ,ON_VWAP_m1,MINUTES_31_TO_60,87
NQ,ON_VWAP_m1,MINUTES_61_TO_120,78
NQ,ON_VWAP_m1,MINUTES_6_TO_15,139
NQ,ON_VWAP_m2,BAR_0930,132
NQ,ON_VWAP_m2,MINUTES_16_TO_30,98
NQ,ON_VWAP_m2,MINUTES_2_TO_5,150
NQ,ON_VWAP_m2,MINUTES_31_TO_60,107
NQ,ON_VWAP_m2,MINUTES_61_TO_120,101
NQ,ON_VWAP_m2,MINUTES_6_TO_15,130
NQ,ON_VWAP_m3,BAR_0930,18
NQ,ON_VWAP_m3,MINUTES_16_TO_30,86
NQ,ON_VWAP_m3,MINUTES_2_TO_5,81
NQ,ON_VWAP_m3,MINUTES_31_TO_60,104
NQ,ON_VWAP_m3,MINUTES_61_TO_120,109
NQ,ON_VWAP_m3,MINUTES_6_TO_15,126
NQ,ON_VWAP_p1,BAR_0930,337
NQ,ON_VWAP_p1,MINUTES_16_TO_30,100
NQ,ON_VWAP_p1,MINUTES_2_TO_5,208
NQ,ON_VWAP_p1,MINUTES_31_TO_60,75
NQ,ON_VWAP_p1,MINUTES_61_TO_120,66
NQ,ON_VWAP_p1,MINUTES_6_TO_15,155
NQ,ON_VWAP_p2,BAR_0930,132
NQ,ON_VWAP_p2,MINUTES_16_TO_30,89
NQ,ON_VWAP_p2,MINUTES_2_TO_5,174
NQ,ON_VWAP_p2,MINUTES_31_TO_60,101
NQ,ON_VWAP_p2,MINUTES_61_TO_120,97
NQ,ON_VWAP_p2,MINUTES_6_TO_15,143
NQ,ON_VWAP_p3,BAR_0930,17
NQ,ON_VWAP_p3,MINUTES_16_TO_30,78
NQ,ON_VWAP_p3,MINUTES_2_TO_5,83
NQ,ON_VWAP_p3,MINUTES_31_TO_60,96
NQ,ON_VWAP_p3,MINUTES_61_TO_120,118
NQ,ON_VWAP_p3,MINUTES_6_TO_15,136
NQ,PR_VWAP_0,BAR_0930,95
NQ,PR_VWAP_0,MINUTES_16_TO_30,78
NQ,PR_VWAP_0,MINUTES_2_TO_5,71
NQ,PR_VWAP_0,MINUTES_31_TO_60,88
NQ,PR_VWAP_0,MINUTES_61_TO_120,80
NQ,PR_VWAP_0,MINUTES_6_TO_15,92
NQ,PR_VWAP_m1,BAR_0930,81
NQ,PR_VWAP_m1,MINUTES_16_TO_30,75
NQ,PR_VWAP_m1,MINUTES_2_TO_5,87
NQ,PR_VWAP_m1,MINUTES_31_TO_60,75
NQ,PR_VWAP_m1,MINUTES_61_TO_120,66
NQ,PR_VWAP_m1,MINUTES_6_TO_15,65
NQ,PR_VWAP_m2,BAR_0930,63
NQ,PR_VWAP_m2,MINUTES_16_TO_30,43
NQ,PR_VWAP_m2,MINUTES_2_TO_5,63
NQ,PR_VWAP_m2,MINUTES_31_TO_60,69
NQ,PR_VWAP_m2,MINUTES_61_TO_120,72
NQ,PR_VWAP_m2,MINUTES_6_TO_15,68
NQ,PR_VWAP_m3,BAR_0930,35
NQ,PR_VWAP_m3,MINUTES_16_TO_30,46
NQ,PR_VWAP_m3,MINUTES_2_TO_5,40
NQ,PR_VWAP_m3,MINUTES_31_TO_60,54
NQ,PR_VWAP_m3,MINUTES_61_TO_120,69
NQ,PR_VWAP_m3,MINUTES_6_TO_15,39
NQ,PR_VWAP_p1,BAR_0930,104
NQ,PR_VWAP_p1,MINUTES_16_TO_30,72
NQ,PR_VWAP_p1,MINUTES_2_TO_5,101
NQ,PR_VWAP_p1,MINUTES_31_TO_60,71
NQ,PR_VWAP_p1,MINUTES_61_TO_120,86
NQ,PR_VWAP_p1,MINUTES_6_TO_15,95
NQ,PR_VWAP_p2,BAR_0930,104
NQ,PR_VWAP_p2,MINUTES_16_TO_30,64
NQ,PR_VWAP_p2,MINUTES_2_TO_5,70
NQ,PR_VWAP_p2,MINUTES_31_TO_60,69
NQ,PR_VWAP_p2,MINUTES_61_TO_120,81
NQ,PR_VWAP_p2,MINUTES_6_TO_15,84
NQ,PR_VWAP_p3,BAR_0930,65
NQ,PR_VWAP_p3,MINUTES_16_TO_30,50
NQ,PR_VWAP_p3,MINUTES_2_TO_5,58
NQ,PR_VWAP_p3,MINUTES_31_TO_60,56
NQ,PR_VWAP_p3,MINUTES_61_TO_120,48
NQ,PR_VWAP_p3,MINUTES_6_TO_15,49
NQ,lower_N10_ema_k0,BAR_0930,547
NQ,lower_N10_ema_k0,MINUTES_16_TO_30,50
NQ,lower_N10_ema_k0,MINUTES_2_TO_5,327
NQ,lower_N10_ema_k0,MINUTES_31_TO_60,46
NQ,lower_N10_ema_k0,MINUTES_61_TO_120,25
NQ,lower_N10_ema_k0,MINUTES_6_TO_15,112
NQ,lower_N10_ema_k1,BAR_0930,241
NQ,lower_N10_ema_k1,MINUTES_16_TO_30,85
NQ,lower_N10_ema_k1,MINUTES_2_TO_5,386
NQ,lower_N10_ema_k1,MINUTES_31_TO_60,65
NQ,lower_N10_ema_k1,MINUTES_61_TO_120,49
NQ,lower_N10_ema_k1,MINUTES_6_TO_15,182
NQ,lower_N10_ema_k2,BAR_0930,106
NQ,lower_N10_ema_k2,MINUTES_16_TO_30,128
NQ,lower_N10_ema_k2,MINUTES_2_TO_5,344
NQ,lower_N10_ema_k2,MINUTES_31_TO_60,88
NQ,lower_N10_ema_k2,MINUTES_61_TO_120,63
NQ,lower_N10_ema_k2,MINUTES_6_TO_15,198
NQ,lower_N10_ema_k3,BAR_0930,47
NQ,lower_N10_ema_k3,MINUTES_16_TO_30,130
NQ,lower_N10_ema_k3,MINUTES_2_TO_5,259
NQ,lower_N10_ema_k3,MINUTES_31_TO_60,110
NQ,lower_N10_ema_k3,MINUTES_61_TO_120,77
NQ,lower_N10_ema_k3,MINUTES_6_TO_15,218
NQ,lower_N10_mean_k0,BAR_0930,538
NQ,lower_N10_mean_k0,MINUTES_16_TO_30,53
NQ,lower_N10_mean_k0,MINUTES_2_TO_5,336
NQ,lower_N10_mean_k0,MINUTES_31_TO_60,49
NQ,lower_N10_mean_k0,MINUTES_61_TO_120,24
NQ,lower_N10_mean_k0,MINUTES_6_TO_15,103
NQ,lower_N10_mean_k1,BAR_0930,244
NQ,lower_N10_mean_k1,MINUTES_16_TO_30,85
NQ,lower_N10_mean_k1,MINUTES_2_TO_5,381
NQ,lower_N10_mean_k1,MINUTES_31_TO_60,68
NQ,lower_N10_mean_k1,MINUTES_61_TO_120,46
NQ,lower_N10_mean_k1,MINUTES_6_TO_15,184
NQ,lower_N10_mean_k2,BAR_0930,104
NQ,lower_N10_mean_k2,MINUTES_16_TO_30,129
NQ,lower_N10_mean_k2,MINUTES_2_TO_5,344
NQ,lower_N10_mean_k2,MINUTES_31_TO_60,86
NQ,lower_N10_mean_k2,MINUTES_61_TO_120,58
NQ,lower_N10_mean_k2,MINUTES_6_TO_15,202
NQ,lower_N10_mean_k3,BAR_0930,47
NQ,lower_N10_mean_k3,MINUTES_16_TO_30,131
NQ,lower_N10_mean_k3,MINUTES_2_TO_5,255
NQ,lower_N10_mean_k3,MINUTES_31_TO_60,114
NQ,lower_N10_mean_k3,MINUTES_61_TO_120,79
NQ,lower_N10_mean_k3,MINUTES_6_TO_15,218
NQ,lower_N10_median_k0,BAR_0930,631
NQ,lower_N10_median_k0,MINUTES_16_TO_30,44
NQ,lower_N10_median_k0,MINUTES_2_TO_5,287
NQ,lower_N10_median_k0,MINUTES_31_TO_60,43
NQ,lower_N10_median_k0,MINUTES_61_TO_120,19
NQ,lower_N10_median_k0,MINUTES_6_TO_15,105
NQ,lower_N10_median_k1,BAR_0930,287
NQ,lower_N10_median_k1,MINUTES_16_TO_30,79
NQ,lower_N10_median_k1,MINUTES_2_TO_5,382
NQ,lower_N10_median_k1,MINUTES_31_TO_60,68
NQ,lower_N10_median_k1,MINUTES_61_TO_120,42
NQ,lower_N10_median_k1,MINUTES_6_TO_15,167
NQ,lower_N10_median_k2,BAR_0930,124
NQ,lower_N10_median_k2,MINUTES_16_TO_30,128
NQ,lower_N10_median_k2,MINUTES_2_TO_5,344
NQ,lower_N10_median_k2,MINUTES_31_TO_60,84
NQ,lower_N10_median_k2,MINUTES_61_TO_120,60
NQ,lower_N10_median_k2,MINUTES_6_TO_15,197
NQ,lower_N10_median_k3,BAR_0930,50
NQ,lower_N10_median_k3,MINUTES_16_TO_30,130
NQ,lower_N10_median_k3,MINUTES_2_TO_5,274
NQ,lower_N10_median_k3,MINUTES_31_TO_60,108
NQ,lower_N10_median_k3,MINUTES_61_TO_120,75
NQ,lower_N10_median_k3,MINUTES_6_TO_15,219
NQ,lower_N20_ema_k0,BAR_0930,522
NQ,lower_N20_ema_k0,MINUTES_16_TO_30,54
NQ,lower_N20_ema_k0,MINUTES_2_TO_5,342
NQ,lower_N20_ema_k0,MINUTES_31_TO_60,48
NQ,lower_N20_ema_k0,MINUTES_61_TO_120,23
NQ,lower_N20_ema_k0,MINUTES_6_TO_15,110
NQ,lower_N20_ema_k1,BAR_0930,215
NQ,lower_N20_ema_k1,MINUTES_16_TO_30,93
NQ,lower_N20_ema_k1,MINUTES_2_TO_5,386
NQ,lower_N20_ema_k1,MINUTES_31_TO_60,68
NQ,lower_N20_ema_k1,MINUTES_61_TO_120,42
NQ,lower_N20_ema_k1,MINUTES_6_TO_15,183
NQ,lower_N20_ema_k2,BAR_0930,80
NQ,lower_N20_ema_k2,MINUTES_16_TO_30,119
NQ,lower_N20_ema_k2,MINUTES_2_TO_5,325
NQ,lower_N20_ema_k2,MINUTES_31_TO_60,91
NQ,lower_N20_ema_k2,MINUTES_61_TO_120,70
NQ,lower_N20_ema_k2,MINUTES_6_TO_15,222
NQ,lower_N20_ema_k3,BAR_0930,36
NQ,lower_N20_ema_k3,MINUTES_16_TO_30,142
NQ,lower_N20_ema_k3,MINUTES_2_TO_5,235
NQ,lower_N20_ema_k3,MINUTES_31_TO_60,110
NQ,lower_N20_ema_k3,MINUTES_61_TO_120,81
NQ,lower_N20_ema_k3,MINUTES_6_TO_15,215
NQ,lower_N20_mean_k0,BAR_0930,523
NQ,lower_N20_mean_k0,MINUTES_16_TO_30,55
NQ,lower_N20_mean_k0,MINUTES_2_TO_5,340
NQ,lower_N20_mean_k0,MINUTES_31_TO_60,48
NQ,lower_N20_mean_k0,MINUTES_61_TO_120,24
NQ,lower_N20_mean_k0,MINUTES_6_TO_15,110
NQ,lower_N20_mean_k1,BAR_0930,217
NQ,lower_N20_mean_k1,MINUTES_16_TO_30,93
NQ,lower_N20_mean_k1,MINUTES_2_TO_5,384
NQ,lower_N20_mean_k1,MINUTES_31_TO_60,70
NQ,lower_N20_mean_k1,MINUTES_61_TO_120,43
NQ,lower_N20_mean_k1,MINUTES_6_TO_15,182
NQ,lower_N20_mean_k2,BAR_0930,85
NQ,lower_N20_mean_k2,MINUTES_16_TO_30,127
NQ,lower_N20_mean_k2,MINUTES_2_TO_5,323
NQ,lower_N20_mean_k2,MINUTES_31_TO_60,91
NQ,lower_N20_mean_k2,MINUTES_61_TO_120,66
NQ,lower_N20_mean_k2,MINUTES_6_TO_15,212
NQ,lower_N20_mean_k3,BAR_0930,34
NQ,lower_N20_mean_k3,MINUTES_16_TO_30,145
NQ,lower_N20_mean_k3,MINUTES_2_TO_5,235
NQ,lower_N20_mean_k3,MINUTES_31_TO_60,109
NQ,lower_N20_mean_k3,MINUTES_61_TO_120,88
NQ,lower_N20_mean_k3,MINUTES_6_TO_15,210
NQ,lower_N20_median_k0,BAR_0930,618
NQ,lower_N20_median_k0,MINUTES_16_TO_30,48
NQ,lower_N20_median_k0,MINUTES_2_TO_5,294
NQ,lower_N20_median_k0,MINUTES_31_TO_60,40
NQ,lower_N20_median_k0,MINUTES_61_TO_120,20
NQ,lower_N20_median_k0,MINUTES_6_TO_15,96
NQ,lower_N20_median_k1,BAR_0930,250
NQ,lower_N20_median_k1,MINUTES_16_TO_30,80
NQ,lower_N20_median_k1,MINUTES_2_TO_5,401
NQ,lower_N20_median_k1,MINUTES_31_TO_60,69
NQ,lower_N20_median_k1,MINUTES_61_TO_120,36
NQ,lower_N20_median_k1,MINUTES_6_TO_15,171
NQ,lower_N20_median_k2,BAR_0930,100
NQ,lower_N20_median_k2,MINUTES_16_TO_30,119
NQ,lower_N20_median_k2,MINUTES_2_TO_5,328
NQ,lower_N20_median_k2,MINUTES_31_TO_60,94
NQ,lower_N20_median_k2,MINUTES_61_TO_120,60
NQ,lower_N20_median_k2,MINUTES_6_TO_15,222
NQ,lower_N20_median_k3,BAR_0930,41
NQ,lower_N20_median_k3,MINUTES_16_TO_30,141
NQ,lower_N20_median_k3,MINUTES_2_TO_5,254
NQ,lower_N20_median_k3,MINUTES_31_TO_60,102
NQ,lower_N20_median_k3,MINUTES_61_TO_120,81
NQ,lower_N20_median_k3,MINUTES_6_TO_15,217
NQ,lower_N5_ema_k0,BAR_0930,566
NQ,lower_N5_ema_k0,MINUTES_16_TO_30,45
NQ,lower_N5_ema_k0,MINUTES_2_TO_5,320
NQ,lower_N5_ema_k0,MINUTES_31_TO_60,43
NQ,lower_N5_ema_k0,MINUTES_61_TO_120,27
NQ,lower_N5_ema_k0,MINUTES_6_TO_15,110
NQ,lower_N5_ema_k1,BAR_0930,279
NQ,lower_N5_ema_k1,MINUTES_16_TO_30,81
NQ,lower_N5_ema_k1,MINUTES_2_TO_5,376
NQ,lower_N5_ema_k1,MINUTES_31_TO_60,66
NQ,lower_N5_ema_k1,MINUTES_61_TO_120,46
NQ,lower_N5_ema_k1,MINUTES_6_TO_15,171
NQ,lower_N5_ema_k2,BAR_0930,136
NQ,lower_N5_ema_k2,MINUTES_16_TO_30,114
NQ,lower_N5_ema_k2,MINUTES_2_TO_5,352
NQ,lower_N5_ema_k2,MINUTES_31_TO_60,84
NQ,lower_N5_ema_k2,MINUTES_61_TO_120,63
NQ,lower_N5_ema_k2,MINUTES_6_TO_15,197
NQ,lower_N5_ema_k3,BAR_0930,65
NQ,lower_N5_ema_k3,MINUTES_16_TO_30,121
NQ,lower_N5_ema_k3,MINUTES_2_TO_5,287
NQ,lower_N5_ema_k3,MINUTES_31_TO_60,94
NQ,lower_N5_ema_k3,MINUTES_61_TO_120,81
NQ,lower_N5_ema_k3,MINUTES_6_TO_15,225
NQ,lower_N5_mean_k0,BAR_0930,570
NQ,lower_N5_mean_k0,MINUTES_16_TO_30,49
NQ,lower_N5_mean_k0,MINUTES_2_TO_5,316
NQ,lower_N5_mean_k0,MINUTES_31_TO_60,41
NQ,lower_N5_mean_k0,MINUTES_61_TO_120,25
NQ,lower_N5_mean_k0,MINUTES_6_TO_15,111
NQ,lower_N5_mean_k1,BAR_0930,274
NQ,lower_N5_mean_k1,MINUTES_16_TO_30,79
NQ,lower_N5_mean_k1,MINUTES_2_TO_5,379
NQ,lower_N5_mean_k1,MINUTES_31_TO_60,66
NQ,lower_N5_mean_k1,MINUTES_61_TO_120,44
NQ,lower_N5_mean_k1,MINUTES_6_TO_15,175
NQ,lower_N5_mean_k2,BAR_0930,134
NQ,lower_N5_mean_k2,MINUTES_16_TO_30,109
NQ,lower_N5_mean_k2,MINUTES_2_TO_5,352
NQ,lower_N5_mean_k2,MINUTES_31_TO_60,87
NQ,lower_N5_mean_k2,MINUTES_61_TO_120,64
NQ,lower_N5_mean_k2,MINUTES_6_TO_15,197
NQ,lower_N5_mean_k3,BAR_0930,64
NQ,lower_N5_mean_k3,MINUTES_16_TO_30,120
NQ,lower_N5_mean_k3,MINUTES_2_TO_5,289
NQ,lower_N5_mean_k3,MINUTES_31_TO_60,97
NQ,lower_N5_mean_k3,MINUTES_61_TO_120,79
NQ,lower_N5_mean_k3,MINUTES_6_TO_15,220
NQ,lower_N5_median_k0,BAR_0930,641
NQ,lower_N5_median_k0,MINUTES_16_TO_30,41
NQ,lower_N5_median_k0,MINUTES_2_TO_5,292
NQ,lower_N5_median_k0,MINUTES_31_TO_60,35
NQ,lower_N5_median_k0,MINUTES_61_TO_120,21
NQ,lower_N5_median_k0,MINUTES_6_TO_15,99
NQ,lower_N5_median_k1,BAR_0930,315
NQ,lower_N5_median_k1,MINUTES_16_TO_30,77
NQ,lower_N5_median_k1,MINUTES_2_TO_5,379
NQ,lower_N5_median_k1,MINUTES_31_TO_60,62
NQ,lower_N5_median_k1,MINUTES_61_TO_120,37
NQ,lower_N5_median_k1,MINUTES_6_TO_15,160
NQ,lower_N5_median_k2,BAR_0930,150
NQ,lower_N5_median_k2,MINUTES_16_TO_30,111
NQ,lower_N5_median_k2,MINUTES_2_TO_5,355
NQ,lower_N5_median_k2,MINUTES_31_TO_60,79
NQ,lower_N5_median_k2,MINUTES_61_TO_120,59
NQ,lower_N5_median_k2,MINUTES_6_TO_15,198
NQ,lower_N5_median_k3,BAR_0930,77
NQ,lower_N5_median_k3,MINUTES_16_TO_30,117
NQ,lower_N5_median_k3,MINUTES_2_TO_5,287
NQ,lower_N5_median_k3,MINUTES_31_TO_60,97
NQ,lower_N5_median_k3,MINUTES_61_TO_120,75
NQ,lower_N5_median_k3,MINUTES_6_TO_15,224
NQ,upper_N10_ema_k0,BAR_0930,566
NQ,upper_N10_ema_k0,MINUTES_16_TO_30,56
NQ,upper_N10_ema_k0,MINUTES_2_TO_5,305
NQ,upper_N10_ema_k0,MINUTES_31_TO_60,42
NQ,upper_N10_ema_k0,MINUTES_61_TO_120,36
NQ,upper_N10_ema_k0,MINUTES_6_TO_15,129
NQ,upper_N10_ema_k1,BAR_0930,234
NQ,upper_N10_ema_k1,MINUTES_16_TO_30,84
NQ,upper_N10_ema_k1,MINUTES_2_TO_5,409
NQ,upper_N10_ema_k1,MINUTES_31_TO_60,72
NQ,upper_N10_ema_k1,MINUTES_61_TO_120,60
NQ,upper_N10_ema_k1,MINUTES_6_TO_15,174
NQ,upper_N10_ema_k2,BAR_0930,94
NQ,upper_N10_ema_k2,MINUTES_16_TO_30,94
NQ,upper_N10_ema_k2,MINUTES_2_TO_5,341
NQ,upper_N10_ema_k2,MINUTES_31_TO_60,92
NQ,upper_N10_ema_k2,MINUTES_61_TO_120,80
NQ,upper_N10_ema_k2,MINUTES_6_TO_15,230
NQ,upper_N10_ema_k3,BAR_0930,41
NQ,upper_N10_ema_k3,MINUTES_16_TO_30,120
NQ,upper_N10_ema_k3,MINUTES_2_TO_5,261
NQ,upper_N10_ema_k3,MINUTES_31_TO_60,104
NQ,upper_N10_ema_k3,MINUTES_61_TO_120,100
NQ,upper_N10_ema_k3,MINUTES_6_TO_15,214
NQ,upper_N10_mean_k0,BAR_0930,560
NQ,upper_N10_mean_k0,MINUTES_16_TO_30,56
NQ,upper_N10_mean_k0,MINUTES_2_TO_5,314
NQ,upper_N10_mean_k0,MINUTES_31_TO_60,38
NQ,upper_N10_mean_k0,MINUTES_61_TO_120,36
NQ,upper_N10_mean_k0,MINUTES_6_TO_15,126
NQ,upper_N10_mean_k1,BAR_0930,228
NQ,upper_N10_mean_k1,MINUTES_16_TO_30,83
NQ,upper_N10_mean_k1,MINUTES_2_TO_5,404
NQ,upper_N10_mean_k1,MINUTES_31_TO_60,75
NQ,upper_N10_mean_k1,MINUTES_61_TO_120,64
NQ,upper_N10_mean_k1,MINUTES_6_TO_15,177
NQ,upper_N10_mean_k2,BAR_0930,94
NQ,upper_N10_mean_k2,MINUTES_16_TO_30,93
NQ,upper_N10_mean_k2,MINUTES_2_TO_5,336
NQ,upper_N10_mean_k2,MINUTES_31_TO_60,92
NQ,upper_N10_mean_k2,MINUTES_61_TO_120,80
NQ,upper_N10_mean_k2,MINUTES_6_TO_15,228
NQ,upper_N10_mean_k3,BAR_0930,40
NQ,upper_N10_mean_k3,MINUTES_16_TO_30,119
NQ,upper_N10_mean_k3,MINUTES_2_TO_5,260
NQ,upper_N10_mean_k3,MINUTES_31_TO_60,104
NQ,upper_N10_mean_k3,MINUTES_61_TO_120,97
NQ,upper_N10_mean_k3,MINUTES_6_TO_15,218
NQ,upper_N10_median_k0,BAR_0930,635
NQ,upper_N10_median_k0,MINUTES_16_TO_30,49
NQ,upper_N10_median_k0,MINUTES_2_TO_5,284
NQ,upper_N10_median_k0,MINUTES_31_TO_60,35
NQ,upper_N10_median_k0,MINUTES_61_TO_120,33
NQ,upper_N10_median_k0,MINUTES_6_TO_15,109
NQ,upper_N10_median_k1,BAR_0930,277
NQ,upper_N10_median_k1,MINUTES_16_TO_30,76
NQ,upper_N10_median_k1,MINUTES_2_TO_5,394
NQ,upper_N10_median_k1,MINUTES_31_TO_60,70
NQ,upper_N10_median_k1,MINUTES_61_TO_120,55
NQ,upper_N10_median_k1,MINUTES_6_TO_15,173
NQ,upper_N10_median_k2,BAR_0930,105
NQ,upper_N10_median_k2,MINUTES_16_TO_30,90
NQ,upper_N10_median_k2,MINUTES_2_TO_5,357
NQ,upper_N10_median_k2,MINUTES_31_TO_60,87
NQ,upper_N10_median_k2,MINUTES_61_TO_120,75
NQ,upper_N10_median_k2,MINUTES_6_TO_15,224
NQ,upper_N10_median_k3,BAR_0930,46
NQ,upper_N10_median_k3,MINUTES_16_TO_30,110
NQ,upper_N10_median_k3,MINUTES_2_TO_5,271
NQ,upper_N10_median_k3,MINUTES_31_TO_60,108
NQ,upper_N10_median_k3,MINUTES_61_TO_120,93
NQ,upper_N10_median_k3,MINUTES_6_TO_15,220
NQ,upper_N20_ema_k0,BAR_0930,545
NQ,upper_N20_ema_k0,MINUTES_16_TO_30,63
NQ,upper_N20_ema_k0,MINUTES_2_TO_5,315
NQ,upper_N20_ema_k0,MINUTES_31_TO_60,44
NQ,upper_N20_ema_k0,MINUTES_61_TO_120,33
NQ,upper_N20_ema_k0,MINUTES_6_TO_15,125
NQ,upper_N20_ema_k1,BAR_0930,210
NQ,upper_N20_ema_k1,MINUTES_16_TO_30,83
NQ,upper_N20_ema_k1,MINUTES_2_TO_5,419
NQ,upper_N20_ema_k1,MINUTES_31_TO_60,70
NQ,upper_N20_ema_k1,MINUTES_61_TO_120,53
NQ,upper_N20_ema_k1,MINUTES_6_TO_15,184
NQ,upper_N20_ema_k2,BAR_0930,85
NQ,upper_N20_ema_k2,MINUTES_16_TO_30,101
NQ,upper_N20_ema_k2,MINUTES_2_TO_5,329
NQ,upper_N20_ema_k2,MINUTES_31_TO_60,95
NQ,upper_N20_ema_k2,MINUTES_61_TO_120,79
NQ,upper_N20_ema_k2,MINUTES_6_TO_15,222
NQ,upper_N20_ema_k3,BAR_0930,34
NQ,upper_N20_ema_k3,MINUTES_16_TO_30,112
NQ,upper_N20_ema_k3,MINUTES_2_TO_5,227
NQ,upper_N20_ema_k3,MINUTES_31_TO_60,116
NQ,upper_N20_ema_k3,MINUTES_61_TO_120,91
NQ,upper_N20_ema_k3,MINUTES_6_TO_15,231
NQ,upper_N20_mean_k0,BAR_0930,555
NQ,upper_N20_mean_k0,MINUTES_16_TO_30,64
NQ,upper_N20_mean_k0,MINUTES_2_TO_5,309
NQ,upper_N20_mean_k0,MINUTES_31_TO_60,39
NQ,upper_N20_mean_k0,MINUTES_61_TO_120,33
NQ,upper_N20_mean_k0,MINUTES_6_TO_15,124
NQ,upper_N20_mean_k1,BAR_0930,215
NQ,upper_N20_mean_k1,MINUTES_16_TO_30,85
NQ,upper_N20_mean_k1,MINUTES_2_TO_5,419
NQ,upper_N20_mean_k1,MINUTES_31_TO_60,67
NQ,upper_N20_mean_k1,MINUTES_61_TO_120,52
NQ,upper_N20_mean_k1,MINUTES_6_TO_15,180
NQ,upper_N20_mean_k2,BAR_0930,80
NQ,upper_N20_mean_k2,MINUTES_16_TO_30,113
NQ,upper_N20_mean_k2,MINUTES_2_TO_5,338
NQ,upper_N20_mean_k2,MINUTES_31_TO_60,95
NQ,upper_N20_mean_k2,MINUTES_61_TO_120,76
NQ,upper_N20_mean_k2,MINUTES_6_TO_15,207
NQ,upper_N20_mean_k3,BAR_0930,31
NQ,upper_N20_mean_k3,MINUTES_16_TO_30,113
NQ,upper_N20_mean_k3,MINUTES_2_TO_5,233
NQ,upper_N20_mean_k3,MINUTES_31_TO_60,118
NQ,upper_N20_mean_k3,MINUTES_61_TO_120,89
NQ,upper_N20_mean_k3,MINUTES_6_TO_15,228
NQ,upper_N20_median_k0,BAR_0930,638
NQ,upper_N20_median_k0,MINUTES_16_TO_30,52
NQ,upper_N20_median_k0,MINUTES_2_TO_5,277
NQ,upper_N20_median_k0,MINUTES_31_TO_60,40
NQ,upper_N20_median_k0,MINUTES_61_TO_120,24
NQ,upper_N20_median_k0,MINUTES_6_TO_15,104
NQ,upper_N20_median_k1,BAR_0930,255
NQ,upper_N20_median_k1,MINUTES_16_TO_30,77
NQ,upper_N20_median_k1,MINUTES_2_TO_5,417
NQ,upper_N20_median_k1,MINUTES_31_TO_60,61
NQ,upper_N20_median_k1,MINUTES_61_TO_120,49
NQ,upper_N20_median_k1,MINUTES_6_TO_15,178
NQ,upper_N20_median_k2,BAR_0930,97
NQ,upper_N20_median_k2,MINUTES_16_TO_30,106
NQ,upper_N20_median_k2,MINUTES_2_TO_5,363
NQ,upper_N20_median_k2,MINUTES_31_TO_60,90
NQ,upper_N20_median_k2,MINUTES_61_TO_120,74
NQ,upper_N20_median_k2,MINUTES_6_TO_15,203
NQ,upper_N20_median_k3,BAR_0930,39
NQ,upper_N20_median_k3,MINUTES_16_TO_30,111
NQ,upper_N20_median_k3,MINUTES_2_TO_5,252
NQ,upper_N20_median_k3,MINUTES_31_TO_60,116
NQ,upper_N20_median_k3,MINUTES_61_TO_120,86
NQ,upper_N20_median_k3,MINUTES_6_TO_15,223
NQ,upper_N5_ema_k0,BAR_0930,574
NQ,upper_N5_ema_k0,MINUTES_16_TO_30,58
NQ,upper_N5_ema_k0,MINUTES_2_TO_5,301
NQ,upper_N5_ema_k0,MINUTES_31_TO_60,46
NQ,upper_N5_ema_k0,MINUTES_61_TO_120,35
NQ,upper_N5_ema_k0,MINUTES_6_TO_15,121
NQ,upper_N5_ema_k1,BAR_0930,275
NQ,upper_N5_ema_k1,MINUTES_16_TO_30,82
NQ,upper_N5_ema_k1,MINUTES_2_TO_5,384
NQ,upper_N5_ema_k1,MINUTES_31_TO_60,74
NQ,upper_N5_ema_k1,MINUTES_61_TO_120,53
NQ,upper_N5_ema_k1,MINUTES_6_TO_15,181
NQ,upper_N5_ema_k2,BAR_0930,136
NQ,upper_N5_ema_k2,MINUTES_16_TO_30,91
NQ,upper_N5_ema_k2,MINUTES_2_TO_5,345
NQ,upper_N5_ema_k2,MINUTES_31_TO_60,87
NQ,upper_N5_ema_k2,MINUTES_61_TO_120,74
NQ,upper_N5_ema_k2,MINUTES_6_TO_15,222
NQ,upper_N5_ema_k3,BAR_0930,71
NQ,upper_N5_ema_k3,MINUTES_16_TO_30,116
NQ,upper_N5_ema_k3,MINUTES_2_TO_5,262
NQ,upper_N5_ema_k3,MINUTES_31_TO_60,101
NQ,upper_N5_ema_k3,MINUTES_61_TO_120,94
NQ,upper_N5_ema_k3,MINUTES_6_TO_15,210
NQ,upper_N5_mean_k0,BAR_0930,580
NQ,upper_N5_mean_k0,MINUTES_16_TO_30,56
NQ,upper_N5_mean_k0,MINUTES_2_TO_5,311
NQ,upper_N5_mean_k0,MINUTES_31_TO_60,41
NQ,upper_N5_mean_k0,MINUTES_61_TO_120,32
NQ,upper_N5_mean_k0,MINUTES_6_TO_15,121
NQ,upper_N5_mean_k1,BAR_0930,266
NQ,upper_N5_mean_k1,MINUTES_16_TO_30,80
NQ,upper_N5_mean_k1,MINUTES_2_TO_5,392
NQ,upper_N5_mean_k1,MINUTES_31_TO_60,82
NQ,upper_N5_mean_k1,MINUTES_61_TO_120,48
NQ,upper_N5_mean_k1,MINUTES_6_TO_15,179
NQ,upper_N5_mean_k2,BAR_0930,133
NQ,upper_N5_mean_k2,MINUTES_16_TO_30,95
NQ,upper_N5_mean_k2,MINUTES_2_TO_5,337
NQ,upper_N5_mean_k2,MINUTES_31_TO_60,85
NQ,upper_N5_mean_k2,MINUTES_61_TO_120,75
NQ,upper_N5_mean_k2,MINUTES_6_TO_15,225
NQ,upper_N5_mean_k3,BAR_0930,70
NQ,upper_N5_mean_k3,MINUTES_16_TO_30,123
NQ,upper_N5_mean_k3,MINUTES_2_TO_5,256
NQ,upper_N5_mean_k3,MINUTES_31_TO_60,104
NQ,upper_N5_mean_k3,MINUTES_61_TO_120,89
NQ,upper_N5_mean_k3,MINUTES_6_TO_15,218
NQ,upper_N5_median_k0,BAR_0930,644
NQ,upper_N5_median_k0,MINUTES_16_TO_30,50
NQ,upper_N5_median_k0,MINUTES_2_TO_5,279
NQ,upper_N5_median_k0,MINUTES_31_TO_60,38
NQ,upper_N5_median_k0,MINUTES_61_TO_120,24
NQ,upper_N5_median_k0,MINUTES_6_TO_15,110
NQ,upper_N5_median_k1,BAR_0930,319
NQ,upper_N5_median_k1,MINUTES_16_TO_30,76
NQ,upper_N5_median_k1,MINUTES_2_TO_5,372
NQ,upper_N5_median_k1,MINUTES_31_TO_60,74
NQ,upper_N5_median_k1,MINUTES_61_TO_120,57
NQ,upper_N5_median_k1,MINUTES_6_TO_15,174
NQ,upper_N5_median_k2,BAR_0930,151
NQ,upper_N5_median_k2,MINUTES_16_TO_30,82
NQ,upper_N5_median_k2,MINUTES_2_TO_5,349
NQ,upper_N5_median_k2,MINUTES_31_TO_60,86
NQ,upper_N5_median_k2,MINUTES_61_TO_120,72
NQ,upper_N5_median_k2,MINUTES_6_TO_15,215
NQ,upper_N5_median_k3,BAR_0930,71
NQ,upper_N5_median_k3,MINUTES_16_TO_30,119
NQ,upper_N5_median_k3,MINUTES_2_TO_5,274
NQ,upper_N5_median_k3,MINUTES_31_TO_60,101
NQ,upper_N5_median_k3,MINUTES_61_TO_120,85
NQ,upper_N5_median_k3,MINUTES_6_TO_15,211
